station,left_condition,right_condition,overlap_days,canonical_rmse,canonical_correlation,effectively_equivalent
Aotizhongxin,baseline,calibration_scale_095,1423,0.0012876967121021553,0.9999996949925839,True
Aotizhongxin,baseline,calibration_scale_105,1423,0.0011731235872901905,0.9999997466581586,True
Aotizhongxin,baseline,sensor_noise_001,1423,0.012826446928506558,0.9999012170196324,False
Aotizhongxin,baseline,outage_6h_30d,1416,0.04511259928541587,0.9987584632764495,False
Aotizhongxin,baseline,outage_24h_90d,1406,0.0089432290654353,0.999952973267047,False
Aotizhongxin,baseline,day_order_swap_010,1422,0.39867916145444343,0.9026294231819579,False
Aotizhongxin,baseline,cyclic_adjacency,1423,0.0,1.0,True
Aotizhongxin,calibration_scale_095,calibration_scale_105,1423,0.002460818178409966,0.9999988857013998,True
Aotizhongxin,calibration_scale_095,sensor_noise_001,1423,0.012814935620350819,0.9999016365269745,False
Aotizhongxin,calibration_scale_095,outage_6h_30d,1416,0.04500717732473372,0.9987610125093248,False
Aotizhongxin,calibration_scale_095,outage_24h_90d,1406,0.008841836958492276,0.9999529048966584,False
Aotizhongxin,calibration_scale_095,day_order_swap_010,1422,0.3984465482801112,0.9026450122976758,False
Aotizhongxin,calibration_scale_095,cyclic_adjacency,1423,0.0012876967121021553,0.9999996949925839,True
Aotizhongxin,calibration_scale_105,sensor_noise_001,1423,0.01294927573414476,0.999900298394947,False
Aotizhongxin,calibration_scale_105,outage_6h_30d,1416,0.04524050206731179,0.9987556064331737,False
Aotizhongxin,calibration_scale_105,outage_24h_90d,1406,0.009190228563719163,0.9999525087665464,False
Aotizhongxin,calibration_scale_105,day_order_swap_010,1422,0.3988945046238861,0.902614720309184,False
Aotizhongxin,calibration_scale_105,cyclic_adjacency,1423,0.0011731235872901905,0.9999997466581586,True
Aotizhongxin,sensor_noise_001,outage_6h_30d,1416,0.04779278450174591,0.9986104382538097,False
Aotizhongxin,sensor_noise_001,outage_24h_90d,1406,0.01505806831787253,0.9998609860506689,False
Aotizhongxin,sensor_noise_001,day_order_swap_010,1422,0.39830962653737595,0.9026831217847873,False
Aotizhongxin,sensor_noise_001,cyclic_adjacency,1423,0.012826446928506558,0.9999012170196323,False
Aotizhongxin,outage_6h_30d,outage_24h_90d,1401,0.02874519348395901,0.9995045798075081,False
Aotizhongxin,outage_6h_30d,day_order_swap_010,1415,0.4019381493051549,0.9009650672317944,False
Aotizhongxin,outage_6h_30d,cyclic_adjacency,1416,0.04511259928541587,0.9987584632764495,False
Aotizhongxin,outage_24h_90d,day_order_swap_010,1405,0.39847213374653606,0.9019068517752871,False
Aotizhongxin,outage_24h_90d,cyclic_adjacency,1406,0.0089432290654353,0.9999529732670469,False
Aotizhongxin,day_order_swap_010,cyclic_adjacency,1422,0.39867916145444343,0.9026294231819579,False
Changping,baseline,calibration_scale_095,1432,0.001092993781149376,0.9999995964263283,True
Changping,baseline,calibration_scale_105,1432,0.0009979971445698932,0.9999996631181265,True
Changping,baseline,sensor_noise_001,1432,0.013767605532041607,0.999897699979618,False
Changping,baseline,outage_6h_30d,1425,0.05286485840309529,0.9980392560285576,False
Changping,baseline,outage_24h_90d,1415,0.01440466757726454,0.9998702080220252,False
Changping,baseline,day_order_swap_010,1431,0.28678274863576886,0.9422515627182495,False
Changping,baseline,cyclic_adjacency,1432,0.0,1.0,True
Changping,calibration_scale_095,calibration_scale_105,1432,0.0020909865182423795,0.999998522108259,True
Changping,calibration_scale_095,sensor_noise_001,1432,0.014040075127049488,0.9998989887407339,False
Changping,calibration_scale_095,outage_6h_30d,1425,0.05287901220155892,0.9980400302803836,False
Changping,calibration_scale_095,outage_24h_90d,1415,0.014556499011883403,0.9998698723516203,False
Changping,calibration_scale_095,day_order_swap_010,1431,0.2866844534288617,0.94225298979879,False
Changping,calibration_scale_095,cyclic_adjacency,1432,0.001092993781149376,0.9999995964263284,True
Changping,calibration_scale_105,sensor_noise_001,1432,0.013592200893142961,0.9998958023521984,False
Changping,calibration_scale_105,outage_6h_30d,1425,0.052872081868211865,0.9980378209188293,False
Changping,calibration_scale_105,outage_24h_90d,1415,0.014335479949838309,0.9998698242299108,False
Changping,calibration_scale_105,day_order_swap_010,1431,0.28687599401243163,0.9422496333131716,False
Changping,calibration_scale_105,cyclic_adjacency,1432,0.0009979971445698932,0.9999996631181265,True
Changping,sensor_noise_001,outage_6h_30d,1425,0.054434684936249235,0.997951880157164,False
Changping,sensor_noise_001,outage_24h_90d,1415,0.017808170945907288,0.9997877327847833,False
Changping,sensor_noise_001,day_order_swap_010,1431,0.28847043321426835,0.9420365756284249,False
Changping,sensor_noise_001,cyclic_adjacency,1432,0.013767605532041607,0.999897699979618,False
Changping,outage_6h_30d,outage_24h_90d,1410,0.034753465471148756,0.9991611482155234,False
Changping,outage_6h_30d,day_order_swap_010,1424,0.29157433269039146,0.9402471210002544,False
Changping,outage_6h_30d,cyclic_adjacency,1425,0.05286485840309529,0.9980392560285575,False
Changping,outage_24h_90d,day_order_swap_010,1414,0.28776922681990197,0.9417989204970565,False
Changping,outage_24h_90d,cyclic_adjacency,1415,0.01440466757726454,0.9998702080220253,False
Changping,day_order_swap_010,cyclic_adjacency,1431,0.28678274863576886,0.9422515627182495,False
Dingling,baseline,calibration_scale_095,1430,0.0010818872724180253,0.9999995113368221,True
Dingling,baseline,calibration_scale_105,1430,0.0012092014706264467,0.9999995932156439,True
Dingling,baseline,sensor_noise_001,1430,0.012041036387775341,0.9999072653632689,False
Dingling,baseline,outage_6h_30d,1422,0.04484885303825772,0.9985664621051114,False
Dingling,baseline,outage_24h_90d,1413,0.009904954187141265,0.9999321163882907,False
Dingling,baseline,day_order_swap_010,1428,0.23220295630743237,0.9614207570430079,False
Dingling,baseline,cyclic_adjacency,1430,0.0,1.0,True
Dingling,calibration_scale_095,calibration_scale_105,1430,0.002056795155359345,0.9999982128630511,True
Dingling,calibration_scale_095,sensor_noise_001,1430,0.01191480290050672,0.9999083428232162,False
Dingling,calibration_scale_095,outage_6h_30d,1422,0.04480569380033569,0.9985700303167095,False
Dingling,calibration_scale_095,outage_24h_90d,1413,0.00994363939490426,0.9999336960336229,False
Dingling,calibration_scale_095,day_order_swap_010,1428,0.23223111334794497,0.9614247219346828,False
Dingling,calibration_scale_095,cyclic_adjacency,1430,0.0010818872724180253,0.999999511336822,True
Dingling,calibration_scale_105,sensor_noise_001,1430,0.011953556744172368,0.9999054281617815,False
Dingling,calibration_scale_105,outage_6h_30d,1422,0.04489611204999584,0.9985623584280953,False
Dingling,calibration_scale_105,outage_24h_90d,1413,0.010006608536219397,0.9999298222401456,False
Dingling,calibration_scale_105,day_order_swap_010,1428,0.23231987184799316,0.9614163403238374,False
Dingling,calibration_scale_105,cyclic_adjacency,1430,0.0012092014706264467,0.9999995932156439,True
Dingling,sensor_noise_001,outage_6h_30d,1422,0.045901068828734834,0.9985038258640061,False
Dingling,sensor_noise_001,outage_24h_90d,1413,0.014395558475557953,0.9998644143232183,False
Dingling,sensor_noise_001,day_order_swap_010,1428,0.2327965822324095,0.9614115621308116,False
Dingling,sensor_noise_001,cyclic_adjacency,1430,0.012041036387775341,0.9999072653632689,False
Dingling,outage_6h_30d,outage_24h_90d,1407,0.025533934450005714,0.9995383693104046,False
Dingling,outage_6h_30d,day_order_swap_010,1420,0.2371534431621369,0.959739173504334,False
Dingling,outage_6h_30d,cyclic_adjacency,1422,0.04484885303825772,0.9985664621051114,False
Dingling,outage_24h_90d,day_order_swap_010,1411,0.2336451282759502,0.9607147023779831,False
Dingling,outage_24h_90d,cyclic_adjacency,1413,0.009904954187141265,0.9999321163882907,False
Dingling,day_order_swap_010,cyclic_adjacency,1428,0.23220295630743237,0.9614207570430079,False
Dongsi,baseline,calibration_scale_095,1428,0.0014429522847777963,0.9999994551423163,True
Dongsi,baseline,calibration_scale_105,1428,0.0013427726008123642,0.9999995444541887,True
Dongsi,baseline,sensor_noise_001,1428,0.015804576818548383,0.9998645485759833,False
Dongsi,baseline,outage_6h_30d,1420,0.050772895092219356,0.9985957798512771,False
Dongsi,baseline,outage_24h_90d,1411,0.005798616360370987,0.9999812493438517,False
Dongsi,baseline,day_order_swap_010,1426,0.3148902884340402,0.9445976142940143,False
Dongsi,baseline,cyclic_adjacency,1428,0.0,1.0,True
Dongsi,calibration_scale_095,calibration_scale_105,1428,0.002785558022744577,0.9999980031991259,True
Dongsi,calibration_scale_095,sensor_noise_001,1428,0.015738856710481603,0.9998689189153488,False
Dongsi,calibration_scale_095,outage_6h_30d,1420,0.0505307072567812,0.9986005460145497,False
Dongsi,calibration_scale_095,outage_24h_90d,1411,0.005970328573861947,0.9999807292860384,False
Dongsi,calibration_scale_095,day_order_swap_010,1426,0.3147816765528477,0.9445874340536272,False
Dongsi,calibration_scale_095,cyclic_adjacency,1428,0.0014429522847777963,0.9999994551423161,True
Dongsi,calibration_scale_105,sensor_noise_001,1428,0.015976877937115587,0.9998595747876563,False
Dongsi,calibration_scale_105,outage_6h_30d,1420,0.05103296621431567,0.9985904662614409,False
Dongsi,calibration_scale_105,outage_24h_90d,1411,0.005952396826209284,0.9999807696317347,False
Dongsi,calibration_scale_105,day_order_swap_010,1426,0.31500142326365527,0.9446060795970485,False
Dongsi,calibration_scale_105,cyclic_adjacency,1428,0.0013427726008123642,0.9999995444541887,True
Dongsi,sensor_noise_001,outage_6h_30d,1420,0.05329264043995166,0.9984680408952962,False
Dongsi,sensor_noise_001,outage_24h_90d,1411,0.01733272481107253,0.9998349333498544,False
Dongsi,sensor_noise_001,day_order_swap_010,1426,0.31651018252896346,0.9441828626554022,False
Dongsi,sensor_noise_001,cyclic_adjacency,1428,0.015804576818548383,0.9998645485759832,False
Dongsi,outage_6h_30d,outage_24h_90d,1407,0.03264549134881072,0.9994497269757003,False
Dongsi,outage_6h_30d,day_order_swap_010,1418,0.3140765121730189,0.9446622191545666,False
Dongsi,outage_6h_30d,cyclic_adjacency,1420,0.050772895092219356,0.9985957798512772,False
Dongsi,outage_24h_90d,day_order_swap_010,1409,0.31289658228711414,0.9450421492995834,False
Dongsi,outage_24h_90d,cyclic_adjacency,1411,0.005798616360370987,0.9999812493438517,False
Dongsi,day_order_swap_010,cyclic_adjacency,1426,0.3148902884340402,0.9445976142940143,False
Guanyuan,baseline,calibration_scale_095,1437,0.0007964519898920869,0.9999997622506115,True
Guanyuan,baseline,calibration_scale_105,1437,0.0009237903661497966,0.9999998030473656,True
Guanyuan,baseline,sensor_noise_001,1437,0.012541760414671251,0.9999153107876091,False
Guanyuan,baseline,outage_6h_30d,1429,0.05616176883981414,0.9980279961771639,False
Guanyuan,baseline,outage_24h_90d,1420,0.010752589041848,0.999932650798669,False
Guanyuan,baseline,day_order_swap_010,1436,0.3262682286018576,0.9335671548064277,False
Guanyuan,baseline,cyclic_adjacency,1437,0.0,1.0,True
Guanyuan,calibration_scale_095,calibration_scale_105,1437,0.0016744507778672336,0.9999991325162588,True
Guanyuan,calibration_scale_095,sensor_noise_001,1437,0.012649302804727475,0.9999155265750289,False
Guanyuan,calibration_scale_095,outage_6h_30d,1429,0.05615326991497719,0.9980278252269499,False
Guanyuan,calibration_scale_095,outage_24h_90d,1420,0.010721731085078392,0.9999318004284297,False
Guanyuan,calibration_scale_095,day_order_swap_010,1436,0.3261980268904995,0.9335834991024137,False
Guanyuan,calibration_scale_095,cyclic_adjacency,1437,0.0007964519898920869,0.9999997622506115,True
Guanyuan,calibration_scale_105,sensor_noise_001,1437,0.01235197266151245,0.9999147009594754,False
Guanyuan,calibration_scale_105,outage_6h_30d,1429,0.056187086899879245,0.9980277360706062,False
Guanyuan,calibration_scale_105,outage_24h_90d,1420,0.010815016148276296,0.9999330118151708,False
Guanyuan,calibration_scale_105,day_order_swap_010,1436,0.32641187715460956,0.9335518616679915,False
Guanyuan,calibration_scale_105,cyclic_adjacency,1437,0.0009237903661497966,0.9999998030473656,True
Guanyuan,sensor_noise_001,outage_6h_30d,1429,0.05758137485061283,0.9979458245030867,False
Guanyuan,sensor_noise_001,outage_24h_90d,1420,0.015568014260322133,0.9998664017353756,False
Guanyuan,sensor_noise_001,day_order_swap_010,1436,0.32713687638878086,0.9335491693903888,False
Guanyuan,sensor_noise_001,cyclic_adjacency,1437,0.012541760414671251,0.9999153107876091,False
Guanyuan,outage_6h_30d,outage_24h_90d,1415,0.029329609779874984,0.9994603205874043,False
Guanyuan,outage_6h_30d,day_order_swap_010,1428,0.3295264748272897,0.9321942053854881,False
Guanyuan,outage_6h_30d,cyclic_adjacency,1429,0.05616176883981414,0.9980279961771639,False
Guanyuan,outage_24h_90d,day_order_swap_010,1419,0.3263071907193417,0.9333228903343788,False
Guanyuan,outage_24h_90d,cyclic_adjacency,1420,0.010752589041848,0.9999326507986689,False
Guanyuan,day_order_swap_010,cyclic_adjacency,1436,0.3262682286018576,0.9335671548064277,False
Gucheng,baseline,calibration_scale_095,1434,0.0011894054022139017,0.9999997009721912,True
Gucheng,baseline,calibration_scale_105,1434,0.0010835871970647747,0.9999997520909306,True
Gucheng,baseline,sensor_noise_001,1434,0.016176716378090403,0.999878280203537,False
Gucheng,baseline,outage_6h_30d,1425,0.053999128954109875,0.9983916303276512,False
Gucheng,baseline,outage_24h_90d,1417,0.015285614063646846,0.9999155877553202,False
Gucheng,baseline,day_order_swap_010,1433,0.31925322971205694,0.9432263011160967,False
Gucheng,baseline,cyclic_adjacency,1434,0.0,1.0,True
Gucheng,calibration_scale_095,calibration_scale_105,1434,0.0022729914805509656,0.9999989085227404,True
Gucheng,calibration_scale_095,sensor_noise_001,1434,0.01640339572103268,0.9998796426128802,False
Gucheng,calibration_scale_095,outage_6h_30d,1425,0.053850931016405285,0.9983920038716112,False
Gucheng,calibration_scale_095,outage_24h_90d,1417,0.015676582047149373,0.9999150886757338,False
Gucheng,calibration_scale_095,day_order_swap_010,1433,0.3191670729211777,0.9432131298736904,False
Gucheng,calibration_scale_095,cyclic_adjacency,1434,0.0011894054022139017,0.9999997009721912,True
Gucheng,calibration_scale_105,sensor_noise_001,1434,0.01604472558448402,0.9998765140022944,False
Gucheng,calibration_scale_105,outage_6h_30d,1425,0.054156595371102366,0.9983907659494171,False
Gucheng,calibration_scale_105,outage_24h_90d,1417,0.015002019363067987,0.9999155186955773,False
Gucheng,calibration_scale_105,day_order_swap_010,1433,0.3193355256094344,0.9432378038611767,False
Gucheng,calibration_scale_105,cyclic_adjacency,1434,0.0010835871970647747,0.9999997520909306,True
Gucheng,sensor_noise_001,outage_6h_30d,1425,0.05765221544446517,0.9982417198244973,False
Gucheng,sensor_noise_001,outage_24h_90d,1417,0.019410670663553346,0.9997970699581447,False
Gucheng,sensor_noise_001,day_order_swap_010,1433,0.32113051787642016,0.9429687361254692,False
Gucheng,sensor_noise_001,cyclic_adjacency,1434,0.016176716378090403,0.9998782802035371,False
Gucheng,outage_6h_30d,outage_24h_90d,1412,0.037131402849471334,0.9993546561530982,False
Gucheng,outage_6h_30d,day_order_swap_010,1424,0.3236271588338955,0.9411338251759078,False
Gucheng,outage_6h_30d,cyclic_adjacency,1425,0.053999128954109875,0.9983916303276512,False
Gucheng,outage_24h_90d,day_order_swap_010,1416,0.32290162275117357,0.9421191703220291,False
Gucheng,outage_24h_90d,cyclic_adjacency,1417,0.015285614063646846,0.9999155877553201,False
Gucheng,day_order_swap_010,cyclic_adjacency,1433,0.31925322971205694,0.9432263011160967,False
Huairou,baseline,calibration_scale_095,1420,0.0013140467568047538,0.9999994098212805,True
Huairou,baseline,calibration_scale_105,1420,0.0012221603940934082,0.9999995068201223,True
Huairou,baseline,sensor_noise_001,1420,0.014822817433098292,0.9998687475021247,False
Huairou,baseline,outage_6h_30d,1411,0.048433416900310826,0.9985780638765582,False
Huairou,baseline,outage_24h_90d,1403,0.013524366840891625,0.9999401163298645,False
Huairou,baseline,day_order_swap_010,1417,0.34584487408186715,0.9248451348602088,False
Huairou,baseline,cyclic_adjacency,1420,0.0,1.0,True
Huairou,calibration_scale_095,calibration_scale_105,1420,0.0025358870865183443,0.9999978376455905,True
Huairou,calibration_scale_095,sensor_noise_001,1420,0.014637467094340008,0.9998742013353141,False
Huairou,calibration_scale_095,outage_6h_30d,1411,0.0485609037806417,0.9985797337020648,False
Huairou,calibration_scale_095,outage_24h_90d,1403,0.013923394443864812,0.9999403193878117,False
Huairou,calibration_scale_095,day_order_swap_010,1417,0.3457577442845863,0.9248334993536341,False
Huairou,calibration_scale_095,cyclic_adjacency,1420,0.0013140467568047538,0.9999994098212805,True
Huairou,calibration_scale_105,sensor_noise_001,1420,0.015085084135233328,0.9998627101972277,False
Huairou,calibration_scale_105,outage_6h_30d,1411,0.048343903235403246,0.998575500215738,False
Huairou,calibration_scale_105,outage_24h_90d,1403,0.013230429863519516,0.9999389262821912,False
Huairou,calibration_scale_105,day_order_swap_010,1417,0.34593740964062947,0.9248548060168725,False
Huairou,calibration_scale_105,cyclic_adjacency,1420,0.0012221603940934082,0.9999995068201223,True
Huairou,sensor_noise_001,outage_6h_30d,1411,0.04966796890533008,0.9984957623330487,False
Huairou,sensor_noise_001,outage_24h_90d,1403,0.018210597216828904,0.9998161466137047,False
Huairou,sensor_noise_001,day_order_swap_010,1417,0.3470100298760236,0.9246065511992503,False
Huairou,sensor_noise_001,cyclic_adjacency,1420,0.014822817433098292,0.9998687475021247,False
Huairou,outage_6h_30d,outage_24h_90d,1395,0.03279855888997736,0.9993520841564555,False
Huairou,outage_6h_30d,day_order_swap_010,1408,0.3400261626237535,0.9275971506405601,False
Huairou,outage_6h_30d,cyclic_adjacency,1411,0.048433416900310826,0.9985780638765583,False
Huairou,outage_24h_90d,day_order_swap_010,1400,0.3484410592301275,0.9237587043156281,False
Huairou,outage_24h_90d,cyclic_adjacency,1403,0.013524366840891625,0.9999401163298645,False
Huairou,day_order_swap_010,cyclic_adjacency,1417,0.34584487408186715,0.9248451348602088,False
Nongzhanguan,baseline,calibration_scale_095,1435,0.0009517256204907339,0.9999996500599355,True
Nongzhanguan,baseline,calibration_scale_105,1435,0.000867435911012684,0.9999997088953793,True
Nongzhanguan,baseline,sensor_noise_001,1435,0.015089277729570073,0.9998691320362917,False
Nongzhanguan,baseline,outage_6h_30d,1428,0.05526039244713433,0.9982563478122715,False
Nongzhanguan,baseline,outage_24h_90d,1419,0.010501612557184747,0.9999422733266047,False
Nongzhanguan,baseline,day_order_swap_010,1435,0.32965224614855143,0.9375155300049792,False
Nongzhanguan,baseline,cyclic_adjacency,1435,0.0,1.0,True
Nongzhanguan,calibration_scale_095,calibration_scale_105,1435,0.001819155950293594,0.9999987206225498,True
Nongzhanguan,calibration_scale_095,sensor_noise_001,1435,0.014955217183051511,0.9998714672698716,False
Nongzhanguan,calibration_scale_095,outage_6h_30d,1428,0.055281536048282315,0.9982569809188361,False
Nongzhanguan,calibration_scale_095,outage_24h_90d,1419,0.01046119960954894,0.9999418755042109,False
Nongzhanguan,calibration_scale_095,day_order_swap_010,1435,0.3296384501947265,0.9375152733897635,False
Nongzhanguan,calibration_scale_095,cyclic_adjacency,1435,0.0009517256204907339,0.9999996500599355,True
Nongzhanguan,calibration_scale_105,sensor_noise_001,1435,0.015263383720773785,0.9998663749493465,False
Nongzhanguan,calibration_scale_105,outage_6h_30d,1428,0.05525579888295187,0.9982551624787722,False
Nongzhanguan,calibration_scale_105,outage_24h_90d,1419,0.010612787465665944,0.9999420273758642,False
Nongzhanguan,calibration_scale_105,day_order_swap_010,1435,0.329667945317581,0.9375150894435805,False
Nongzhanguan,calibration_scale_105,cyclic_adjacency,1435,0.000867435911012684,0.9999997088953793,True
Nongzhanguan,sensor_noise_001,outage_6h_30d,1428,0.056946593813999594,0.9981445349516984,False
Nongzhanguan,sensor_noise_001,outage_24h_90d,1419,0.017363836176202085,0.9998295362205177,False
Nongzhanguan,sensor_noise_001,day_order_swap_010,1435,0.3287360694977216,0.9378363152821476,False
Nongzhanguan,sensor_noise_001,cyclic_adjacency,1435,0.015089277729570073,0.9998691320362916,False
Nongzhanguan,outage_6h_30d,outage_24h_90d,1416,0.03065601531157736,0.9994627940741294,False
Nongzhanguan,outage_6h_30d,day_order_swap_010,1428,0.331786638158237,0.9362454880175886,False
Nongzhanguan,outage_6h_30d,cyclic_adjacency,1428,0.05526039244713433,0.9982563478122716,False
Nongzhanguan,outage_24h_90d,day_order_swap_010,1419,0.32914868779853446,0.937199456160461,False
Nongzhanguan,outage_24h_90d,cyclic_adjacency,1419,0.010501612557184747,0.9999422733266046,False
Nongzhanguan,day_order_swap_010,cyclic_adjacency,1435,0.32965224614855143,0.9375155300049792,False
Shunyi,baseline,calibration_scale_095,1423,0.0013022828996549934,0.9999996525913085,True
Shunyi,baseline,calibration_scale_105,1423,0.0012614706261861435,0.9999997112173455,True
Shunyi,baseline,sensor_noise_001,1423,0.015280941058477833,0.9998943937071191,False
Shunyi,baseline,outage_6h_30d,1417,0.05071285443016487,0.9984548981329692,False
Shunyi,baseline,outage_24h_90d,1406,0.028534621758928225,0.9995416256813262,False
Shunyi,baseline,day_order_swap_010,1423,0.26079659053206083,0.9586102659974738,False
Shunyi,baseline,cyclic_adjacency,1423,0.0,0.9999999999999999,True
Shunyi,calibration_scale_095,calibration_scale_105,1423,0.00256268163150679,0.9999987303292523,True
Shunyi,calibration_scale_095,sensor_noise_001,1423,0.01569568207056901,0.9998961029619267,False
Shunyi,calibration_scale_095,outage_6h_30d,1417,0.05061449688507524,0.998456000123923,False
Shunyi,calibration_scale_095,outage_24h_90d,1406,0.028395000888599014,0.9995404436121513,False
Shunyi,calibration_scale_095,day_order_swap_010,1423,0.2606679096170542,0.9586129821599608,False
Shunyi,calibration_scale_095,cyclic_adjacency,1423,0.0013022828996549934,0.9999996525913085,True
Shunyi,calibration_scale_105,sensor_noise_001,1423,0.014946762512807745,0.9998922258980308,False
Shunyi,calibration_scale_105,outage_6h_30d,1417,0.050836687296709815,0.9984532858487509,False
Shunyi,calibration_scale_105,outage_24h_90d,1406,0.02872019920779507,0.999542094558377,False
Shunyi,calibration_scale_105,day_order_swap_010,1423,0.2609345184969471,0.9586072204188434,False
Shunyi,calibration_scale_105,cyclic_adjacency,1423,0.0012614706261861435,0.9999997112173454,True
Shunyi,sensor_noise_001,outage_6h_30d,1417,0.053439394944547476,0.9983393763599039,False
Shunyi,sensor_noise_001,outage_24h_90d,1406,0.03496529982734464,0.999349315330432,False
Shunyi,sensor_noise_001,day_order_swap_010,1423,0.2622962039043182,0.9585113155631344,False
Shunyi,sensor_noise_001,cyclic_adjacency,1423,0.015280941058477833,0.9998943937071191,False
Shunyi,outage_6h_30d,outage_24h_90d,1401,0.03206738634227285,0.999372888678094,False
Shunyi,outage_6h_30d,day_order_swap_010,1417,0.26612904500885093,0.9568959173878143,False
Shunyi,outage_6h_30d,cyclic_adjacency,1417,0.05071285443016487,0.9984548981329691,False
Shunyi,outage_24h_90d,day_order_swap_010,1406,0.26250189770136806,0.9579362870334238,False
Shunyi,outage_24h_90d,cyclic_adjacency,1406,0.028534621758928225,0.9995416256813262,False
Shunyi,day_order_swap_010,cyclic_adjacency,1423,0.26079659053206083,0.9586102659974737,False
Tiantan,baseline,calibration_scale_095,1425,0.0011439105739035548,0.9999997195922936,True
Tiantan,baseline,calibration_scale_105,1425,0.001042059210117795,0.9999997674242042,True
Tiantan,baseline,sensor_noise_001,1425,0.013500011599704317,0.9998954646500808,False
Tiantan,baseline,outage_6h_30d,1420,0.05018463825303351,0.9984876714287837,False
Tiantan,baseline,outage_24h_90d,1408,0.011496022006503763,0.9999562385079723,False
Tiantan,baseline,day_order_swap_010,1425,0.3248148592765735,0.9363412955903898,False
Tiantan,baseline,cyclic_adjacency,1425,0.0,1.0,True
Tiantan,calibration_scale_095,calibration_scale_105,1425,0.0021859684924818105,0.9999989762706045,True
Tiantan,calibration_scale_095,sensor_noise_001,1425,0.013661315108726061,0.999896245745222,False
Tiantan,calibration_scale_095,outage_6h_30d,1420,0.050084985023019356,0.9984875254115667,False
Tiantan,calibration_scale_095,outage_24h_90d,1408,0.012041898354469461,0.9999557259504074,False
Tiantan,calibration_scale_095,day_order_swap_010,1425,0.3247085881155556,0.9363318438847748,False
Tiantan,calibration_scale_095,cyclic_adjacency,1425,0.0011439105739035548,0.9999997195922937,True
Tiantan,calibration_scale_105,sensor_noise_001,1425,0.013436833880058884,0.9998942611313005,False
Tiantan,calibration_scale_105,outage_6h_30d,1420,0.05029785379983159,0.9984873165529308,False
Tiantan,calibration_scale_105,outage_24h_90d,1408,0.011077949690819584,0.9999562135025366,False
Tiantan,calibration_scale_105,day_order_swap_010,1425,0.3249150664041965,0.9363494507445278,False
Tiantan,calibration_scale_105,cyclic_adjacency,1425,0.001042059210117795,0.9999997674242042,True
Tiantan,sensor_noise_001,outage_6h_30d,1420,0.052158420564424796,0.9983908847867331,False
Tiantan,sensor_noise_001,outage_24h_90d,1408,0.016979849522288232,0.9998414584438602,False
Tiantan,sensor_noise_001,day_order_swap_010,1425,0.3252846962459029,0.9363584730080201,False
Tiantan,sensor_noise_001,cyclic_adjacency,1425,0.013500011599704317,0.9998954646500808,False
Tiantan,outage_6h_30d,outage_24h_90d,1405,0.024640622147223443,0.9997210587315122,False
Tiantan,outage_6h_30d,day_order_swap_010,1420,0.32520882430392517,0.9358830046707016,False
Tiantan,outage_6h_30d,cyclic_adjacency,1420,0.05018463825303351,0.9984876714287837,False
Tiantan,outage_24h_90d,day_order_swap_010,1408,0.3263539876588663,0.9359486463380156,False
Tiantan,outage_24h_90d,cyclic_adjacency,1408,0.011496022006503763,0.9999562385079724,False
Tiantan,day_order_swap_010,cyclic_adjacency,1425,0.3248148592765735,0.9363412955903898,False
Wanliu,baseline,calibration_scale_095,1449,0.0012181653296096417,0.9999996178851686,True
Wanliu,baseline,calibration_scale_105,1449,0.0011112314234259988,0.9999996821844108,True
Wanliu,baseline,sensor_noise_001,1449,0.014225562417959612,0.9998975496583873,False
Wanliu,baseline,outage_6h_30d,1444,0.06576891245103395,0.9975726628907892,False
Wanliu,baseline,outage_24h_90d,1432,0.002260455839174055,0.9999979697578056,True
Wanliu,baseline,day_order_swap_010,1447,0.26833578492902316,0.9594475038857844,False
Wanliu,baseline,cyclic_adjacency,1449,0.0,0.9999999999999999,True
Wanliu,calibration_scale_095,calibration_scale_105,1449,0.002329394262857861,0.9999986031040505,True
Wanliu,calibration_scale_095,sensor_noise_001,1449,0.013926747841296796,0.9998981350171015,False
Wanliu,calibration_scale_095,outage_6h_30d,1444,0.06568817024523997,0.9975752644121504,False
Wanliu,calibration_scale_095,outage_24h_90d,1432,0.002874563447542906,0.999997550518231,True
Wanliu,calibration_scale_095,day_order_swap_010,1447,0.26828127991697365,0.9594352714773693,False
Wanliu,calibration_scale_095,cyclic_adjacency,1449,0.0012181653296096417,0.9999996178851684,True
Wanliu,calibration_scale_105,sensor_noise_001,1449,0.014581956766863927,0.999896345039551,False
Wanliu,calibration_scale_105,outage_6h_30d,1444,0.06586209716721295,0.9975696259562188,False
Wanliu,calibration_scale_105,outage_24h_90d,1432,0.0021923603906452995,0.9999976838129475,True
Wanliu,calibration_scale_105,day_order_swap_010,1447,0.26839028749051674,0.9594580203051771,False
Wanliu,calibration_scale_105,cyclic_adjacency,1449,0.0011112314234259988,0.9999996821844107,True
Wanliu,sensor_noise_001,outage_6h_30d,1444,0.06626582989404628,0.9975291158519707,False
Wanliu,sensor_noise_001,outage_24h_90d,1432,0.01491955971208156,0.9998921111940394,False
Wanliu,sensor_noise_001,day_order_swap_010,1447,0.2682915527594701,0.9593056552118575,False
Wanliu,sensor_noise_001,cyclic_adjacency,1449,0.014225562417959612,0.9998975496583872,False
Wanliu,outage_6h_30d,outage_24h_90d,1429,0.03027219904379936,0.9995013617973469,False
Wanliu,outage_6h_30d,day_order_swap_010,1442,0.27708994707915796,0.9566782069251641,False
Wanliu,outage_6h_30d,cyclic_adjacency,1444,0.06576891245103395,0.9975726628907892,False
Wanliu,outage_24h_90d,day_order_swap_010,1430,0.2701035568496663,0.958746872792509,False
Wanliu,outage_24h_90d,cyclic_adjacency,1432,0.002260455839174055,0.9999979697578056,True
Wanliu,day_order_swap_010,cyclic_adjacency,1447,0.26833578492902316,0.9594475038857844,False
Wanshouxigong,baseline,calibration_scale_095,1428,0.0011571325044550643,0.9999995937706356,True
Wanshouxigong,baseline,calibration_scale_105,1428,0.0009775190693545204,0.9999996616108714,True
Wanshouxigong,baseline,sensor_noise_001,1428,0.014824927784595732,0.9998813345730801,False
Wanshouxigong,baseline,outage_6h_30d,1423,0.06045340197150764,0.9979247609984326,False
Wanshouxigong,baseline,outage_24h_90d,1411,0.00491939272241967,0.999991375660858,True
Wanshouxigong,baseline,day_order_swap_010,1428,0.3079223932139735,0.9462164519253496,False
Wanshouxigong,baseline,cyclic_adjacency,1428,0.0,1.0,True
Wanshouxigong,calibration_scale_095,calibration_scale_105,1428,0.0021278847313816124,0.9999985138675354,True
Wanshouxigong,calibration_scale_095,sensor_noise_001,1428,0.014486976126505022,0.9998842762706805,False
Wanshouxigong,calibration_scale_095,outage_6h_30d,1423,0.0603583791181631,0.9979270298150719,False
Wanshouxigong,calibration_scale_095,outage_24h_90d,1411,0.0054295160250976745,0.9999910155825809,False
Wanshouxigong,calibration_scale_095,day_order_swap_010,1428,0.3078096964977858,0.9462257312007074,False
Wanshouxigong,calibration_scale_095,cyclic_adjacency,1428,0.0011571325044550643,0.9999995937706356,True
Wanshouxigong,calibration_scale_105,sensor_noise_001,1428,0.01516635533170035,0.9998779252812502,False
Wanshouxigong,calibration_scale_105,outage_6h_30d,1423,0.06054691358916937,0.997922018630593,False
Wanshouxigong,calibration_scale_105,outage_24h_90d,1411,0.004754772902529901,0.999990988899207,True
Wanshouxigong,calibration_scale_105,day_order_swap_010,1428,0.30799913613311747,0.9462073941182406,False
Wanshouxigong,calibration_scale_105,cyclic_adjacency,1428,0.0009775190693545204,0.9999996616108714,True
Wanshouxigong,sensor_noise_001,outage_6h_30d,1423,0.06163529364971442,0.9978293455431686,False
Wanshouxigong,sensor_noise_001,outage_24h_90d,1411,0.0161919818390836,0.9998715146443204,False
Wanshouxigong,sensor_noise_001,day_order_swap_010,1428,0.30800405921337565,0.946051635199512,False
Wanshouxigong,sensor_noise_001,cyclic_adjacency,1428,0.014824927784595732,0.9998813345730801,False
Wanshouxigong,outage_6h_30d,outage_24h_90d,1408,0.03609675784103398,0.9992861906936329,False
Wanshouxigong,outage_6h_30d,day_order_swap_010,1423,0.31405572730635845,0.9437037374244513,False
Wanshouxigong,outage_6h_30d,cyclic_adjacency,1423,0.06045340197150764,0.9979247609984326,False
Wanshouxigong,outage_24h_90d,day_order_swap_010,1411,0.310254500484981,0.9451587497060084,False
Wanshouxigong,outage_24h_90d,cyclic_adjacency,1411,0.00491939272241967,0.999991375660858,True
Wanshouxigong,day_order_swap_010,cyclic_adjacency,1428,0.3079223932139735,0.9462164519253496,False
