fixture,phi,N,sample_length,missingness,parent_count,parent_correlation,replicates,upper_tail_detection_rate,sign_error_rate,median_null_minus_observed,status
iid_gaussian,-0.9,6,1461,fixture-specific,12,0.0,24,0.0,0.5,0.0008242574265904944,FROZEN_FORENSIC_CALIBRATION
iid_gaussian,-0.9,10,1461,fixture-specific,12,0.0,24,0.0,0.3333333333333333,0.01895171660983223,FROZEN_FORENSIC_CALIBRATION
iid_gaussian,-0.9,14,1461,fixture-specific,12,0.0,24,0.041666666666666664,0.2916666666666667,0.029221220597845935,FROZEN_FORENSIC_CALIBRATION
iid_gaussian,-0.6,6,1461,fixture-specific,12,0.0,24,0.125,0.5833333333333334,-0.01713875132040114,FROZEN_FORENSIC_CALIBRATION
iid_gaussian,-0.6,10,1461,fixture-specific,12,0.0,24,0.0,0.5,-0.0043068146826443585,FROZEN_FORENSIC_CALIBRATION
iid_gaussian,-0.6,14,1461,fixture-specific,12,0.0,24,0.041666666666666664,0.4166666666666667,0.014623147251377915,FROZEN_FORENSIC_CALIBRATION
iid_gaussian,-0.3,6,1461,fixture-specific,12,0.0,24,0.041666666666666664,0.3333333333333333,0.028227676209215208,FROZEN_FORENSIC_CALIBRATION
iid_gaussian,-0.3,10,1461,fixture-specific,12,0.0,24,0.08333333333333333,0.5833333333333334,-0.025144867974937587,FROZEN_FORENSIC_CALIBRATION
iid_gaussian,-0.3,14,1461,fixture-specific,12,0.0,24,0.0,0.5833333333333334,-0.009749776120479442,FROZEN_FORENSIC_CALIBRATION
iid_gaussian,0.0,6,1461,fixture-specific,12,0.0,24,0.041666666666666664,0.0,-0.004894770105122976,FROZEN_FORENSIC_CALIBRATION
iid_gaussian,0.0,10,1461,fixture-specific,12,0.0,24,0.041666666666666664,0.0,-0.013426989857052974,FROZEN_FORENSIC_CALIBRATION
iid_gaussian,0.0,14,1461,fixture-specific,12,0.0,24,0.0,0.0,-0.003331701676212308,FROZEN_FORENSIC_CALIBRATION
iid_gaussian,0.3,6,1461,fixture-specific,12,0.0,24,0.0,0.6666666666666666,0.01724480171130347,FROZEN_FORENSIC_CALIBRATION
iid_gaussian,0.3,10,1461,fixture-specific,12,0.0,24,0.0,0.4583333333333333,-0.005861807752232104,FROZEN_FORENSIC_CALIBRATION
iid_gaussian,0.3,14,1461,fixture-specific,12,0.0,24,0.0,0.6666666666666666,0.027001653024118923,FROZEN_FORENSIC_CALIBRATION
iid_gaussian,0.6,6,1461,fixture-specific,12,0.0,24,0.0,0.5,0.0006487682524579132,FROZEN_FORENSIC_CALIBRATION
iid_gaussian,0.6,10,1461,fixture-specific,12,0.0,24,0.041666666666666664,0.4583333333333333,-0.012929450352415921,FROZEN_FORENSIC_CALIBRATION
iid_gaussian,0.6,14,1461,fixture-specific,12,0.0,24,0.0,0.5,-0.000489911893588324,FROZEN_FORENSIC_CALIBRATION
iid_gaussian,0.8,6,1461,fixture-specific,12,0.0,24,0.0,0.4583333333333333,-0.004050005360468536,FROZEN_FORENSIC_CALIBRATION
iid_gaussian,0.8,10,1461,fixture-specific,12,0.0,24,0.0,0.5,0.005069051498807804,FROZEN_FORENSIC_CALIBRATION
iid_gaussian,0.8,14,1461,fixture-specific,12,0.0,24,0.0,0.375,-0.03364340849607923,FROZEN_FORENSIC_CALIBRATION
iid_gaussian,0.92,6,1461,fixture-specific,12,0.0,24,0.0,0.625,0.018462426447483197,FROZEN_FORENSIC_CALIBRATION
iid_gaussian,0.92,10,1461,fixture-specific,12,0.0,24,0.0,0.6666666666666666,0.024729858283952716,FROZEN_FORENSIC_CALIBRATION
iid_gaussian,0.92,14,1461,fixture-specific,12,0.0,24,0.0,0.5,0.0138149766299335,FROZEN_FORENSIC_CALIBRATION
iid_gaussian,0.95,6,1461,fixture-specific,12,0.0,24,0.0,0.4166666666666667,-0.008129960545436426,FROZEN_FORENSIC_CALIBRATION
iid_gaussian,0.95,10,1461,fixture-specific,12,0.0,24,0.08333333333333333,0.5833333333333334,0.0009898817192402704,FROZEN_FORENSIC_CALIBRATION
iid_gaussian,0.95,14,1461,fixture-specific,12,0.0,24,0.0,0.4166666666666667,-0.013907002376296716,FROZEN_FORENSIC_CALIBRATION
ar1,-0.9,6,1461,fixture-specific,12,0.0,24,0.16666666666666666,0.9166666666666666,-0.06462402772466377,FROZEN_FORENSIC_CALIBRATION
ar1,-0.9,10,1461,fixture-specific,12,0.0,24,0.5,1.0,-0.159801144692514,FROZEN_FORENSIC_CALIBRATION
ar1,-0.9,14,1461,fixture-specific,12,0.0,24,0.625,1.0,-0.23330490860665082,FROZEN_FORENSIC_CALIBRATION
ar1,-0.6,6,1461,fixture-specific,12,0.0,24,0.041666666666666664,0.7083333333333334,-0.027695022888684112,FROZEN_FORENSIC_CALIBRATION
ar1,-0.6,10,1461,fixture-specific,12,0.0,24,0.625,0.9583333333333334,-0.17426423072591984,FROZEN_FORENSIC_CALIBRATION
ar1,-0.6,14,1461,fixture-specific,12,0.0,24,0.75,1.0,-0.19827638114192508,FROZEN_FORENSIC_CALIBRATION
ar1,-0.3,6,1461,fixture-specific,12,0.0,24,0.125,0.7916666666666666,-0.04933907274345084,FROZEN_FORENSIC_CALIBRATION
ar1,-0.3,10,1461,fixture-specific,12,0.0,24,0.4166666666666667,0.9166666666666666,-0.08703050706965781,FROZEN_FORENSIC_CALIBRATION
ar1,-0.3,14,1461,fixture-specific,12,0.0,24,0.20833333333333334,0.9583333333333334,-0.11974795522083391,FROZEN_FORENSIC_CALIBRATION
ar1,0.0,6,1461,fixture-specific,12,0.0,24,0.041666666666666664,0.0,-0.009627220134286728,FROZEN_FORENSIC_CALIBRATION
ar1,0.0,10,1461,fixture-specific,12,0.0,24,0.0,0.0,-0.027620649398008963,FROZEN_FORENSIC_CALIBRATION
ar1,0.0,14,1461,fixture-specific,12,0.0,24,0.041666666666666664,0.0,-0.0003050330199270337,FROZEN_FORENSIC_CALIBRATION
ar1,0.3,6,1461,fixture-specific,12,0.0,24,0.0,1.0,0.07312293101210102,FROZEN_FORENSIC_CALIBRATION
ar1,0.3,10,1461,fixture-specific,12,0.0,24,0.0,0.8333333333333334,0.0881370747469533,FROZEN_FORENSIC_CALIBRATION
ar1,0.3,14,1461,fixture-specific,12,0.0,24,0.0,1.0,0.17201267844790286,FROZEN_FORENSIC_CALIBRATION
ar1,0.6,6,1461,fixture-specific,12,0.0,24,0.0,0.9583333333333334,0.0931164458903844,FROZEN_FORENSIC_CALIBRATION
ar1,0.6,10,1461,fixture-specific,12,0.0,24,0.0,1.0,0.23242218717208063,FROZEN_FORENSIC_CALIBRATION
ar1,0.6,14,1461,fixture-specific,12,0.0,24,0.0,1.0,0.26569068974782173,FROZEN_FORENSIC_CALIBRATION
ar1,0.8,6,1461,fixture-specific,12,0.0,24,0.0,0.9583333333333334,0.050929830541629806,FROZEN_FORENSIC_CALIBRATION
ar1,0.8,10,1461,fixture-specific,12,0.0,24,0.0,1.0,0.22277196526546092,FROZEN_FORENSIC_CALIBRATION
ar1,0.8,14,1461,fixture-specific,12,0.0,24,0.0,1.0,0.32091334075819755,FROZEN_FORENSIC_CALIBRATION
ar1,0.92,6,1461,fixture-specific,12,0.0,24,0.041666666666666664,0.625,0.00615095168656099,FROZEN_FORENSIC_CALIBRATION
ar1,0.92,10,1461,fixture-specific,12,0.0,24,0.0,1.0,0.08872544736548627,FROZEN_FORENSIC_CALIBRATION
ar1,0.92,14,1461,fixture-specific,12,0.0,24,0.0,1.0,0.19701472640960918,FROZEN_FORENSIC_CALIBRATION
ar1,0.95,6,1461,fixture-specific,12,0.0,24,0.2916666666666667,0.2916666666666667,-0.007706937072291031,FROZEN_FORENSIC_CALIBRATION
ar1,0.95,10,1461,fixture-specific,12,0.0,24,0.0,0.875,0.02676277984967973,FROZEN_FORENSIC_CALIBRATION
ar1,0.95,14,1461,fixture-specific,12,0.0,24,0.0,1.0,0.130933524894205,FROZEN_FORENSIC_CALIBRATION
ar2_oscillatory,-0.9,6,1461,fixture-specific,12,0.0,24,0.0,0.08333333333333333,0.07134290993955358,FROZEN_FORENSIC_CALIBRATION
ar2_oscillatory,-0.9,10,1461,fixture-specific,12,0.0,24,0.125,0.7916666666666666,-0.0620218985543847,FROZEN_FORENSIC_CALIBRATION
ar2_oscillatory,-0.9,14,1461,fixture-specific,12,0.0,24,0.5416666666666666,0.9583333333333334,-0.17916525641773326,FROZEN_FORENSIC_CALIBRATION
ar2_oscillatory,-0.6,6,1461,fixture-specific,12,0.0,24,0.0,0.25,0.03501584677609547,FROZEN_FORENSIC_CALIBRATION
ar2_oscillatory,-0.6,10,1461,fixture-specific,12,0.0,24,0.3333333333333333,0.9166666666666666,-0.10413571799867499,FROZEN_FORENSIC_CALIBRATION
ar2_oscillatory,-0.6,14,1461,fixture-specific,12,0.0,24,0.6666666666666666,1.0,-0.1889669033728297,FROZEN_FORENSIC_CALIBRATION
ar2_oscillatory,-0.3,6,1461,fixture-specific,12,0.0,24,0.0,0.16666666666666666,0.03640303207479434,FROZEN_FORENSIC_CALIBRATION
ar2_oscillatory,-0.3,10,1461,fixture-specific,12,0.0,24,0.25,0.9583333333333334,-0.09158078670035505,FROZEN_FORENSIC_CALIBRATION
ar2_oscillatory,-0.3,14,1461,fixture-specific,12,0.0,24,0.5,1.0,-0.17936531166949832,FROZEN_FORENSIC_CALIBRATION
ar2_oscillatory,0.0,6,1461,fixture-specific,12,0.0,24,0.0,0.0,0.11652461718357436,FROZEN_FORENSIC_CALIBRATION
ar2_oscillatory,0.0,10,1461,fixture-specific,12,0.0,24,0.16666666666666666,0.0,-0.07732742706489507,FROZEN_FORENSIC_CALIBRATION
ar2_oscillatory,0.0,14,1461,fixture-specific,12,0.0,24,0.4166666666666667,0.0,-0.12650934982714568,FROZEN_FORENSIC_CALIBRATION
ar2_oscillatory,0.3,6,1461,fixture-specific,12,0.0,24,0.0,0.8333333333333334,0.044221098898568505,FROZEN_FORENSIC_CALIBRATION
ar2_oscillatory,0.3,10,1461,fixture-specific,12,0.0,24,0.08333333333333333,0.20833333333333334,-0.04506834497210023,FROZEN_FORENSIC_CALIBRATION
ar2_oscillatory,0.3,14,1461,fixture-specific,12,0.0,24,0.25,0.125,-0.07143257038754258,FROZEN_FORENSIC_CALIBRATION
ar2_oscillatory,0.6,6,1461,fixture-specific,12,0.0,24,0.0,0.875,0.0409127280632292,FROZEN_FORENSIC_CALIBRATION
ar2_oscillatory,0.6,10,1461,fixture-specific,12,0.0,24,0.0,0.5416666666666666,0.020863535063708645,FROZEN_FORENSIC_CALIBRATION
ar2_oscillatory,0.6,14,1461,fixture-specific,12,0.0,24,0.041666666666666664,0.3333333333333333,-0.03501810826874575,FROZEN_FORENSIC_CALIBRATION
ar2_oscillatory,0.8,6,1461,fixture-specific,12,0.0,24,0.0,0.9583333333333334,0.08676415007509553,FROZEN_FORENSIC_CALIBRATION
ar2_oscillatory,0.8,10,1461,fixture-specific,12,0.0,24,0.0,0.9166666666666666,0.08844664690015044,FROZEN_FORENSIC_CALIBRATION
ar2_oscillatory,0.8,14,1461,fixture-specific,12,0.0,24,0.041666666666666664,0.7083333333333334,0.026304229589258595,FROZEN_FORENSIC_CALIBRATION
ar2_oscillatory,0.92,6,1461,fixture-specific,12,0.0,24,0.0,1.0,0.13525439112587107,FROZEN_FORENSIC_CALIBRATION
ar2_oscillatory,0.92,10,1461,fixture-specific,12,0.0,24,0.0,0.875,0.11355655291369357,FROZEN_FORENSIC_CALIBRATION
ar2_oscillatory,0.92,14,1461,fixture-specific,12,0.0,24,0.0,0.8333333333333334,0.1236973548383131,FROZEN_FORENSIC_CALIBRATION
ar2_oscillatory,0.95,6,1461,fixture-specific,12,0.0,24,0.0,1.0,0.12994634094186913,FROZEN_FORENSIC_CALIBRATION
ar2_oscillatory,0.95,10,1461,fixture-specific,12,0.0,24,0.0,0.9166666666666666,0.12545692066464698,FROZEN_FORENSIC_CALIBRATION
ar2_oscillatory,0.95,14,1461,fixture-specific,12,0.0,24,0.0,0.75,0.07800417958550675,FROZEN_FORENSIC_CALIBRATION
mean_reverting,-0.9,6,1461,fixture-specific,12,0.0,24,0.0,0.16666666666666666,0.04487672899657136,FROZEN_FORENSIC_CALIBRATION
mean_reverting,-0.9,10,1461,fixture-specific,12,0.0,24,0.041666666666666664,0.625,-0.02075850007644381,FROZEN_FORENSIC_CALIBRATION
mean_reverting,-0.9,14,1461,fixture-specific,12,0.0,24,0.0,0.5416666666666666,-0.011873548172638831,FROZEN_FORENSIC_CALIBRATION
mean_reverting,-0.6,6,1461,fixture-specific,12,0.0,24,0.0,0.0,0.2968798163019517,FROZEN_FORENSIC_CALIBRATION
mean_reverting,-0.6,10,1461,fixture-specific,12,0.0,24,0.0,0.0,0.17132328997010723,FROZEN_FORENSIC_CALIBRATION
mean_reverting,-0.6,14,1461,fixture-specific,12,0.0,24,0.0,0.041666666666666664,0.08835584815251349,FROZEN_FORENSIC_CALIBRATION
mean_reverting,-0.3,6,1461,fixture-specific,12,0.0,24,0.0,0.0,0.30015052730124603,FROZEN_FORENSIC_CALIBRATION
mean_reverting,-0.3,10,1461,fixture-specific,12,0.0,24,0.0,0.0,0.14895047059595418,FROZEN_FORENSIC_CALIBRATION
mean_reverting,-0.3,14,1461,fixture-specific,12,0.0,24,0.0,0.041666666666666664,0.10855595235058513,FROZEN_FORENSIC_CALIBRATION
mean_reverting,0.0,6,1461,fixture-specific,12,0.0,24,0.0,0.0,0.30042131600883343,FROZEN_FORENSIC_CALIBRATION
mean_reverting,0.0,10,1461,fixture-specific,12,0.0,24,0.0,0.0,0.18260495984104538,FROZEN_FORENSIC_CALIBRATION
mean_reverting,0.0,14,1461,fixture-specific,12,0.0,24,0.0,0.0,0.09881500999803253,FROZEN_FORENSIC_CALIBRATION
mean_reverting,0.3,6,1461,fixture-specific,12,0.0,24,0.0,1.0,0.29676577186238884,FROZEN_FORENSIC_CALIBRATION
mean_reverting,0.3,10,1461,fixture-specific,12,0.0,24,0.0,1.0,0.18182558766507395,FROZEN_FORENSIC_CALIBRATION
mean_reverting,0.3,14,1461,fixture-specific,12,0.0,24,0.0,0.875,0.118032473443766,FROZEN_FORENSIC_CALIBRATION
mean_reverting,0.6,6,1461,fixture-specific,12,0.0,24,0.0,1.0,0.29781433938341406,FROZEN_FORENSIC_CALIBRATION
mean_reverting,0.6,10,1461,fixture-specific,12,0.0,24,0.0,1.0,0.18204791678339322,FROZEN_FORENSIC_CALIBRATION
mean_reverting,0.6,14,1461,fixture-specific,12,0.0,24,0.0,0.875,0.12432713663081954,FROZEN_FORENSIC_CALIBRATION
mean_reverting,0.8,6,1461,fixture-specific,12,0.0,24,0.0,1.0,0.2000069311583516,FROZEN_FORENSIC_CALIBRATION
mean_reverting,0.8,10,1461,fixture-specific,12,0.0,24,0.0,1.0,0.19096236574242886,FROZEN_FORENSIC_CALIBRATION
mean_reverting,0.8,14,1461,fixture-specific,12,0.0,24,0.0,0.9166666666666666,0.09322658570421749,FROZEN_FORENSIC_CALIBRATION
mean_reverting,0.92,6,1461,fixture-specific,12,0.0,24,0.0,0.9583333333333334,0.06825927825041439,FROZEN_FORENSIC_CALIBRATION
mean_reverting,0.92,10,1461,fixture-specific,12,0.0,24,0.0,0.875,0.06711096896072183,FROZEN_FORENSIC_CALIBRATION
mean_reverting,0.92,14,1461,fixture-specific,12,0.0,24,0.0,0.7916666666666666,0.0647176843859258,FROZEN_FORENSIC_CALIBRATION
mean_reverting,0.95,6,1461,fixture-specific,12,0.0,24,0.0,0.6666666666666666,0.03604877092938371,FROZEN_FORENSIC_CALIBRATION
mean_reverting,0.95,10,1461,fixture-specific,12,0.0,24,0.0,0.7083333333333334,0.05915958780379933,FROZEN_FORENSIC_CALIBRATION
mean_reverting,0.95,14,1461,fixture-specific,12,0.0,24,0.0,0.7083333333333334,0.08130530615170617,FROZEN_FORENSIC_CALIBRATION
bursty_episodes,-0.9,6,1461,fixture-specific,12,0.0,24,1.0,1.0,-0.31078235758647327,FROZEN_FORENSIC_CALIBRATION
bursty_episodes,-0.9,10,1461,fixture-specific,12,0.0,24,0.041666666666666664,0.625,-0.01758863015531731,FROZEN_FORENSIC_CALIBRATION
bursty_episodes,-0.9,14,1461,fixture-specific,12,0.0,24,0.0,0.0,0.12346391022745758,FROZEN_FORENSIC_CALIBRATION
bursty_episodes,-0.6,6,1461,fixture-specific,12,0.0,24,0.75,1.0,-0.11536360975631194,FROZEN_FORENSIC_CALIBRATION
bursty_episodes,-0.6,10,1461,fixture-specific,12,0.0,24,0.0,0.041666666666666664,0.14571674344936053,FROZEN_FORENSIC_CALIBRATION
bursty_episodes,-0.6,14,1461,fixture-specific,12,0.0,24,0.0,0.0,0.2779014176565765,FROZEN_FORENSIC_CALIBRATION
bursty_episodes,-0.3,6,1461,fixture-specific,12,0.0,24,0.25,0.9583333333333334,-0.05733188405491674,FROZEN_FORENSIC_CALIBRATION
bursty_episodes,-0.3,10,1461,fixture-specific,12,0.0,24,0.0,0.0,0.18587095198515957,FROZEN_FORENSIC_CALIBRATION
bursty_episodes,-0.3,14,1461,fixture-specific,12,0.0,24,0.0,0.0,0.2954235708165012,FROZEN_FORENSIC_CALIBRATION
bursty_episodes,0.0,6,1461,fixture-specific,12,0.0,24,0.16666666666666666,0.0,-0.06139968065015433,FROZEN_FORENSIC_CALIBRATION
bursty_episodes,0.0,10,1461,fixture-specific,12,0.0,24,0.0,0.0,0.19777503335962507,FROZEN_FORENSIC_CALIBRATION
bursty_episodes,0.0,14,1461,fixture-specific,12,0.0,24,0.0,0.0,0.31401286526417327,FROZEN_FORENSIC_CALIBRATION
bursty_episodes,0.3,6,1461,fixture-specific,12,0.0,24,0.041666666666666664,0.4583333333333333,-0.003501188533758859,FROZEN_FORENSIC_CALIBRATION
bursty_episodes,0.3,10,1461,fixture-specific,12,0.0,24,0.0,1.0,0.20826431414273733,FROZEN_FORENSIC_CALIBRATION
bursty_episodes,0.3,14,1461,fixture-specific,12,0.0,24,0.0,1.0,0.32292947392347615,FROZEN_FORENSIC_CALIBRATION
bursty_episodes,0.6,6,1461,fixture-specific,12,0.0,24,0.0,0.6666666666666666,0.017290676015066342,FROZEN_FORENSIC_CALIBRATION
bursty_episodes,0.6,10,1461,fixture-specific,12,0.0,24,0.0,1.0,0.2285532869221757,FROZEN_FORENSIC_CALIBRATION
bursty_episodes,0.6,14,1461,fixture-specific,12,0.0,24,0.0,1.0,0.37501798284296267,FROZEN_FORENSIC_CALIBRATION
bursty_episodes,0.8,6,1461,fixture-specific,12,0.0,24,0.0,0.9166666666666666,0.0630707114241868,FROZEN_FORENSIC_CALIBRATION
bursty_episodes,0.8,10,1461,fixture-specific,12,0.0,24,0.0,1.0,0.2285114171813006,FROZEN_FORENSIC_CALIBRATION
bursty_episodes,0.8,14,1461,fixture-specific,12,0.0,24,0.0,1.0,0.36115052743995,FROZEN_FORENSIC_CALIBRATION
bursty_episodes,0.92,6,1461,fixture-specific,12,0.0,24,0.041666666666666664,0.75,0.011365268639267123,FROZEN_FORENSIC_CALIBRATION
bursty_episodes,0.92,10,1461,fixture-specific,12,0.0,24,0.0,1.0,0.1379735869978434,FROZEN_FORENSIC_CALIBRATION
bursty_episodes,0.92,14,1461,fixture-specific,12,0.0,24,0.0,1.0,0.24055708511894144,FROZEN_FORENSIC_CALIBRATION
bursty_episodes,0.95,6,1461,fixture-specific,12,0.0,24,0.20833333333333334,0.2916666666666667,-0.009986252151500064,FROZEN_FORENSIC_CALIBRATION
bursty_episodes,0.95,10,1461,fixture-specific,12,0.0,24,0.0,1.0,0.09271296814813634,FROZEN_FORENSIC_CALIBRATION
bursty_episodes,0.95,14,1461,fixture-specific,12,0.0,24,0.0,1.0,0.15937280207737703,FROZEN_FORENSIC_CALIBRATION
seasonal_local_shift,-0.9,6,1461,fixture-specific,12,0.0,24,1.0,1.0,-0.4228920482795798,FROZEN_FORENSIC_CALIBRATION
seasonal_local_shift,-0.9,10,1461,fixture-specific,12,0.0,24,1.0,1.0,-0.27323933892598357,FROZEN_FORENSIC_CALIBRATION
seasonal_local_shift,-0.9,14,1461,fixture-specific,12,0.0,24,1.0,1.0,-0.22338772997211187,FROZEN_FORENSIC_CALIBRATION
seasonal_local_shift,-0.6,6,1461,fixture-specific,12,0.0,24,1.0,1.0,-0.1317232732878949,FROZEN_FORENSIC_CALIBRATION
seasonal_local_shift,-0.6,10,1461,fixture-specific,12,0.0,24,1.0,1.0,-0.10519131875842064,FROZEN_FORENSIC_CALIBRATION
seasonal_local_shift,-0.6,14,1461,fixture-specific,12,0.0,24,1.0,1.0,-0.06898093953106044,FROZEN_FORENSIC_CALIBRATION
seasonal_local_shift,-0.3,6,1461,fixture-specific,12,0.0,24,1.0,1.0,-0.07079471220039785,FROZEN_FORENSIC_CALIBRATION
seasonal_local_shift,-0.3,10,1461,fixture-specific,12,0.0,24,1.0,1.0,-0.058987976412315846,FROZEN_FORENSIC_CALIBRATION
seasonal_local_shift,-0.3,14,1461,fixture-specific,12,0.0,24,0.9166666666666666,1.0,-0.038219269367283426,FROZEN_FORENSIC_CALIBRATION
seasonal_local_shift,0.0,6,1461,fixture-specific,12,0.0,24,0.3333333333333333,0.0,-0.02125221125102561,FROZEN_FORENSIC_CALIBRATION
seasonal_local_shift,0.0,10,1461,fixture-specific,12,0.0,24,0.5416666666666666,0.0,-0.029368909741301297,FROZEN_FORENSIC_CALIBRATION
seasonal_local_shift,0.0,14,1461,fixture-specific,12,0.0,24,0.125,0.0,-0.011007524650748557,FROZEN_FORENSIC_CALIBRATION
seasonal_local_shift,0.3,6,1461,fixture-specific,12,0.0,24,0.0,1.0,0.040742620154365305,FROZEN_FORENSIC_CALIBRATION
seasonal_local_shift,0.3,10,1461,fixture-specific,12,0.0,24,0.0,0.9166666666666666,0.018499763819371517,FROZEN_FORENSIC_CALIBRATION
seasonal_local_shift,0.3,14,1461,fixture-specific,12,0.0,24,0.0,1.0,0.01832855264142097,FROZEN_FORENSIC_CALIBRATION
seasonal_local_shift,0.6,6,1461,fixture-specific,12,0.0,24,0.0,1.0,0.11649575095000847,FROZEN_FORENSIC_CALIBRATION
seasonal_local_shift,0.6,10,1461,fixture-specific,12,0.0,24,0.0,1.0,0.1210539539557306,FROZEN_FORENSIC_CALIBRATION
seasonal_local_shift,0.6,14,1461,fixture-specific,12,0.0,24,0.0,1.0,0.09526130918896647,FROZEN_FORENSIC_CALIBRATION
seasonal_local_shift,0.8,6,1461,fixture-specific,12,0.0,24,0.0,1.0,0.10942513914975643,FROZEN_FORENSIC_CALIBRATION
seasonal_local_shift,0.8,10,1461,fixture-specific,12,0.0,24,0.0,1.0,0.18340997283243426,FROZEN_FORENSIC_CALIBRATION
seasonal_local_shift,0.8,14,1461,fixture-specific,12,0.0,24,0.0,1.0,0.21532259983376167,FROZEN_FORENSIC_CALIBRATION
seasonal_local_shift,0.92,6,1461,fixture-specific,12,0.0,24,0.0,0.75,0.011340989097339604,FROZEN_FORENSIC_CALIBRATION
seasonal_local_shift,0.92,10,1461,fixture-specific,12,0.0,24,0.0,1.0,0.08665702275098519,FROZEN_FORENSIC_CALIBRATION
seasonal_local_shift,0.92,14,1461,fixture-specific,12,0.0,24,0.0,1.0,0.15882257608032857,FROZEN_FORENSIC_CALIBRATION
seasonal_local_shift,0.95,6,1461,fixture-specific,12,0.0,24,0.20833333333333334,0.25,-0.012121560883946114,FROZEN_FORENSIC_CALIBRATION
seasonal_local_shift,0.95,10,1461,fixture-specific,12,0.0,24,0.0,1.0,0.046000674649931295,FROZEN_FORENSIC_CALIBRATION
seasonal_local_shift,0.95,14,1461,fixture-specific,12,0.0,24,0.0,1.0,0.1335330347425136,FROZEN_FORENSIC_CALIBRATION
common_factor_station_noise,-0.9,6,1461,fixture-specific,12,0.7,24,1.0,1.0,-0.627351893658463,FROZEN_FORENSIC_CALIBRATION
common_factor_station_noise,-0.9,10,1461,fixture-specific,12,0.7,24,1.0,1.0,-0.34744084185451485,FROZEN_FORENSIC_CALIBRATION
common_factor_station_noise,-0.9,14,1461,fixture-specific,12,0.7,24,0.0,0.0,0.06323430571154065,FROZEN_FORENSIC_CALIBRATION
common_factor_station_noise,-0.6,6,1461,fixture-specific,12,0.7,24,1.0,1.0,-0.49140850166234246,FROZEN_FORENSIC_CALIBRATION
common_factor_station_noise,-0.6,10,1461,fixture-specific,12,0.7,24,0.6666666666666666,1.0,-0.17199703997990495,FROZEN_FORENSIC_CALIBRATION
common_factor_station_noise,-0.6,14,1461,fixture-specific,12,0.7,24,0.0,0.0,0.2305717832400357,FROZEN_FORENSIC_CALIBRATION
common_factor_station_noise,-0.3,6,1461,fixture-specific,12,0.7,24,1.0,1.0,-0.3892999238574668,FROZEN_FORENSIC_CALIBRATION
common_factor_station_noise,-0.3,10,1461,fixture-specific,12,0.7,24,0.08333333333333333,1.0,-0.08542526804894082,FROZEN_FORENSIC_CALIBRATION
common_factor_station_noise,-0.3,14,1461,fixture-specific,12,0.7,24,0.0,0.0,0.3217749003900797,FROZEN_FORENSIC_CALIBRATION
common_factor_station_noise,0.0,6,1461,fixture-specific,12,0.7,24,1.0,0.0,-0.31175364972635916,FROZEN_FORENSIC_CALIBRATION
common_factor_station_noise,0.0,10,1461,fixture-specific,12,0.7,24,0.0,0.0,0.010496622765059985,FROZEN_FORENSIC_CALIBRATION
common_factor_station_noise,0.0,14,1461,fixture-specific,12,0.7,24,0.0,0.0,0.36905034724674923,FROZEN_FORENSIC_CALIBRATION
common_factor_station_noise,0.3,6,1461,fixture-specific,12,0.7,24,0.9583333333333334,0.0,-0.16873470663618162,FROZEN_FORENSIC_CALIBRATION
common_factor_station_noise,0.3,10,1461,fixture-specific,12,0.7,24,0.0,1.0,0.0840573735596869,FROZEN_FORENSIC_CALIBRATION
common_factor_station_noise,0.3,14,1461,fixture-specific,12,0.7,24,0.0,1.0,0.37439627243198215,FROZEN_FORENSIC_CALIBRATION
common_factor_station_noise,0.6,6,1461,fixture-specific,12,0.7,24,0.08333333333333333,0.4583333333333333,-0.028384946570540234,FROZEN_FORENSIC_CALIBRATION
common_factor_station_noise,0.6,10,1461,fixture-specific,12,0.7,24,0.0,1.0,0.21371409923645562,FROZEN_FORENSIC_CALIBRATION
common_factor_station_noise,0.6,14,1461,fixture-specific,12,0.7,24,0.0,1.0,0.42449300411544316,FROZEN_FORENSIC_CALIBRATION
common_factor_station_noise,0.8,6,1461,fixture-specific,12,0.7,24,0.0,0.7916666666666666,0.03739552648538247,FROZEN_FORENSIC_CALIBRATION
common_factor_station_noise,0.8,10,1461,fixture-specific,12,0.7,24,0.0,1.0,0.21567975461098693,FROZEN_FORENSIC_CALIBRATION
common_factor_station_noise,0.8,14,1461,fixture-specific,12,0.7,24,0.0,1.0,0.36216791294316963,FROZEN_FORENSIC_CALIBRATION
common_factor_station_noise,0.92,6,1461,fixture-specific,12,0.7,24,0.0,0.5,0.0017929079633426936,FROZEN_FORENSIC_CALIBRATION
common_factor_station_noise,0.92,10,1461,fixture-specific,12,0.7,24,0.0,1.0,0.11897754659401982,FROZEN_FORENSIC_CALIBRATION
common_factor_station_noise,0.92,14,1461,fixture-specific,12,0.7,24,0.0,1.0,0.2333374743372253,FROZEN_FORENSIC_CALIBRATION
common_factor_station_noise,0.95,6,1461,fixture-specific,12,0.7,24,0.20833333333333334,0.4583333333333333,-0.007229908902329607,FROZEN_FORENSIC_CALIBRATION
common_factor_station_noise,0.95,10,1461,fixture-specific,12,0.7,24,0.0,1.0,0.05028480960388382,FROZEN_FORENSIC_CALIBRATION
common_factor_station_noise,0.95,14,1461,fixture-specific,12,0.7,24,0.0,1.0,0.15229555996396799,FROZEN_FORENSIC_CALIBRATION
matched_missingness,-0.9,6,1461,fixture-specific,12,0.0,24,0.4166666666666667,0.9583333333333334,-0.12087100935958803,FROZEN_FORENSIC_CALIBRATION
matched_missingness,-0.9,10,1461,fixture-specific,12,0.0,24,0.7083333333333334,1.0,-0.2132299618833058,FROZEN_FORENSIC_CALIBRATION
matched_missingness,-0.9,14,1461,fixture-specific,12,0.0,24,0.75,1.0,-0.23492199204148365,FROZEN_FORENSIC_CALIBRATION
matched_missingness,-0.6,6,1461,fixture-specific,12,0.0,24,0.125,0.7083333333333334,-0.047593007208300585,FROZEN_FORENSIC_CALIBRATION
matched_missingness,-0.6,10,1461,fixture-specific,12,0.0,24,0.3333333333333333,0.9583333333333334,-0.13272382436562688,FROZEN_FORENSIC_CALIBRATION
matched_missingness,-0.6,14,1461,fixture-specific,12,0.0,24,0.375,0.9583333333333334,-0.15883680726118232,FROZEN_FORENSIC_CALIBRATION
matched_missingness,-0.3,6,1461,fixture-specific,12,0.0,24,0.08333333333333333,0.7083333333333334,-0.04062446669089764,FROZEN_FORENSIC_CALIBRATION
matched_missingness,-0.3,10,1461,fixture-specific,12,0.0,24,0.16666666666666666,0.8333333333333334,-0.07114057801994594,FROZEN_FORENSIC_CALIBRATION
matched_missingness,-0.3,14,1461,fixture-specific,12,0.0,24,0.3333333333333333,0.8333333333333334,-0.12257375858346782,FROZEN_FORENSIC_CALIBRATION
matched_missingness,0.0,6,1461,fixture-specific,12,0.0,24,0.0,0.0,0.009219516570692334,FROZEN_FORENSIC_CALIBRATION
matched_missingness,0.0,10,1461,fixture-specific,12,0.0,24,0.0,0.0,-0.01829366405470894,FROZEN_FORENSIC_CALIBRATION
matched_missingness,0.0,14,1461,fixture-specific,12,0.0,24,0.0,0.0,0.016289968860361357,FROZEN_FORENSIC_CALIBRATION
matched_missingness,0.3,6,1461,fixture-specific,12,0.0,24,0.0,0.7916666666666666,0.06125235010582787,FROZEN_FORENSIC_CALIBRATION
matched_missingness,0.3,10,1461,fixture-specific,12,0.0,24,0.0,0.9166666666666666,0.12290202053696492,FROZEN_FORENSIC_CALIBRATION
matched_missingness,0.3,14,1461,fixture-specific,12,0.0,24,0.0,0.9583333333333334,0.09443623939981462,FROZEN_FORENSIC_CALIBRATION
matched_missingness,0.6,6,1461,fixture-specific,12,0.0,24,0.0,1.0,0.13292250635801411,FROZEN_FORENSIC_CALIBRATION
matched_missingness,0.6,10,1461,fixture-specific,12,0.0,24,0.0,1.0,0.2131985829022784,FROZEN_FORENSIC_CALIBRATION
matched_missingness,0.6,14,1461,fixture-specific,12,0.0,24,0.0,1.0,0.2585241708641488,FROZEN_FORENSIC_CALIBRATION
matched_missingness,0.8,6,1461,fixture-specific,12,0.0,24,0.0,0.9166666666666666,0.0627536773496796,FROZEN_FORENSIC_CALIBRATION
matched_missingness,0.8,10,1461,fixture-specific,12,0.0,24,0.0,1.0,0.2256785584971951,FROZEN_FORENSIC_CALIBRATION
matched_missingness,0.8,14,1461,fixture-specific,12,0.0,24,0.0,1.0,0.2832945296394749,FROZEN_FORENSIC_CALIBRATION
matched_missingness,0.92,6,1461,fixture-specific,12,0.0,24,0.08333333333333333,0.5416666666666666,0.0075240514419986915,FROZEN_FORENSIC_CALIBRATION
matched_missingness,0.92,10,1461,fixture-specific,12,0.0,24,0.0,1.0,0.09137710509194352,FROZEN_FORENSIC_CALIBRATION
matched_missingness,0.92,14,1461,fixture-specific,12,0.0,24,0.0,1.0,0.20821987116258978,FROZEN_FORENSIC_CALIBRATION
matched_missingness,0.95,6,1461,fixture-specific,12,0.0,24,0.08333333333333333,0.25,-0.010718501474082931,FROZEN_FORENSIC_CALIBRATION
matched_missingness,0.95,10,1461,fixture-specific,12,0.0,24,0.0,0.875,0.0470083041396222,FROZEN_FORENSIC_CALIBRATION
matched_missingness,0.95,14,1461,fixture-specific,12,0.0,24,0.0,1.0,0.15081774496192923,FROZEN_FORENSIC_CALIBRATION
heteroskedastic,-0.9,6,1461,fixture-specific,12,0.0,24,0.4166666666666667,0.9583333333333334,-0.1404303129465949,FROZEN_FORENSIC_CALIBRATION
heteroskedastic,-0.9,10,1461,fixture-specific,12,0.0,24,0.2916666666666667,1.0,-0.16755583362141913,FROZEN_FORENSIC_CALIBRATION
heteroskedastic,-0.9,14,1461,fixture-specific,12,0.0,24,0.625,1.0,-0.21020038131944324,FROZEN_FORENSIC_CALIBRATION
heteroskedastic,-0.6,6,1461,fixture-specific,12,0.0,24,0.08333333333333333,0.6666666666666666,-0.024153365290823514,FROZEN_FORENSIC_CALIBRATION
heteroskedastic,-0.6,10,1461,fixture-specific,12,0.0,24,0.4583333333333333,0.9166666666666666,-0.15654979371558336,FROZEN_FORENSIC_CALIBRATION
heteroskedastic,-0.6,14,1461,fixture-specific,12,0.0,24,0.5,1.0,-0.18078261531611345,FROZEN_FORENSIC_CALIBRATION
heteroskedastic,-0.3,6,1461,fixture-specific,12,0.0,24,0.0,0.5833333333333334,-0.01368628192061866,FROZEN_FORENSIC_CALIBRATION
heteroskedastic,-0.3,10,1461,fixture-specific,12,0.0,24,0.25,0.7916666666666666,-0.11561484320553818,FROZEN_FORENSIC_CALIBRATION
heteroskedastic,-0.3,14,1461,fixture-specific,12,0.0,24,0.25,0.875,-0.14344653154573342,FROZEN_FORENSIC_CALIBRATION
heteroskedastic,0.0,6,1461,fixture-specific,12,0.0,24,0.08333333333333333,0.0,0.028018532261531573,FROZEN_FORENSIC_CALIBRATION
heteroskedastic,0.0,10,1461,fixture-specific,12,0.0,24,0.041666666666666664,0.0,-0.0031799340402243817,FROZEN_FORENSIC_CALIBRATION
heteroskedastic,0.0,14,1461,fixture-specific,12,0.0,24,0.0,0.0,-0.038028652516934595,FROZEN_FORENSIC_CALIBRATION
heteroskedastic,0.3,6,1461,fixture-specific,12,0.0,24,0.0,0.875,0.050522204018656924,FROZEN_FORENSIC_CALIBRATION
heteroskedastic,0.3,10,1461,fixture-specific,12,0.0,24,0.0,0.9166666666666666,0.11157035608995033,FROZEN_FORENSIC_CALIBRATION
heteroskedastic,0.3,14,1461,fixture-specific,12,0.0,24,0.0,0.875,0.10718888823909686,FROZEN_FORENSIC_CALIBRATION
heteroskedastic,0.6,6,1461,fixture-specific,12,0.0,24,0.0,0.9583333333333334,0.11645606248932226,FROZEN_FORENSIC_CALIBRATION
heteroskedastic,0.6,10,1461,fixture-specific,12,0.0,24,0.0,1.0,0.21738782367195963,FROZEN_FORENSIC_CALIBRATION
heteroskedastic,0.6,14,1461,fixture-specific,12,0.0,24,0.0,1.0,0.29672181279399,FROZEN_FORENSIC_CALIBRATION
heteroskedastic,0.8,6,1461,fixture-specific,12,0.0,24,0.0,0.9583333333333334,0.1101511483474579,FROZEN_FORENSIC_CALIBRATION
heteroskedastic,0.8,10,1461,fixture-specific,12,0.0,24,0.0,1.0,0.2187112405212433,FROZEN_FORENSIC_CALIBRATION
heteroskedastic,0.8,14,1461,fixture-specific,12,0.0,24,0.0,1.0,0.3123567480008891,FROZEN_FORENSIC_CALIBRATION
heteroskedastic,0.92,6,1461,fixture-specific,12,0.0,24,0.0,0.7916666666666666,0.01949147517135541,FROZEN_FORENSIC_CALIBRATION
heteroskedastic,0.92,10,1461,fixture-specific,12,0.0,24,0.0,1.0,0.13485976298847516,FROZEN_FORENSIC_CALIBRATION
heteroskedastic,0.92,14,1461,fixture-specific,12,0.0,24,0.0,1.0,0.1951621079558096,FROZEN_FORENSIC_CALIBRATION
heteroskedastic,0.95,6,1461,fixture-specific,12,0.0,24,0.16666666666666666,0.5833333333333334,0.00218627360724849,FROZEN_FORENSIC_CALIBRATION
heteroskedastic,0.95,10,1461,fixture-specific,12,0.0,24,0.0,0.9166666666666666,0.055642212387371215,FROZEN_FORENSIC_CALIBRATION
heteroskedastic,0.95,14,1461,fixture-specific,12,0.0,24,0.0,1.0,0.13128522844979462,FROZEN_FORENSIC_CALIBRATION
change_point,-0.9,6,1461,fixture-specific,12,0.0,24,1.0,1.0,-0.4288835658261366,FROZEN_FORENSIC_CALIBRATION
change_point,-0.9,10,1461,fixture-specific,12,0.0,24,1.0,1.0,-0.31021040166805675,FROZEN_FORENSIC_CALIBRATION
change_point,-0.9,14,1461,fixture-specific,12,0.0,24,1.0,1.0,-0.2352219828780881,FROZEN_FORENSIC_CALIBRATION
change_point,-0.6,6,1461,fixture-specific,12,0.0,24,1.0,1.0,-0.1222072377350037,FROZEN_FORENSIC_CALIBRATION
change_point,-0.6,10,1461,fixture-specific,12,0.0,24,1.0,1.0,-0.08157316027173961,FROZEN_FORENSIC_CALIBRATION
change_point,-0.6,14,1461,fixture-specific,12,0.0,24,1.0,1.0,-0.05829977217073751,FROZEN_FORENSIC_CALIBRATION
change_point,-0.3,6,1461,fixture-specific,12,0.0,24,0.9583333333333334,1.0,-0.05521856321584839,FROZEN_FORENSIC_CALIBRATION
change_point,-0.3,10,1461,fixture-specific,12,0.0,24,0.75,1.0,-0.03318578595704824,FROZEN_FORENSIC_CALIBRATION
change_point,-0.3,14,1461,fixture-specific,12,0.0,24,0.4583333333333333,1.0,-0.016831925488160038,FROZEN_FORENSIC_CALIBRATION
change_point,0.0,6,1461,fixture-specific,12,0.0,24,0.08333333333333333,0.0,-0.004385084659194183,FROZEN_FORENSIC_CALIBRATION
change_point,0.0,10,1461,fixture-specific,12,0.0,24,0.041666666666666664,0.0,0.009639650196536287,FROZEN_FORENSIC_CALIBRATION
change_point,0.0,14,1461,fixture-specific,12,0.0,24,0.041666666666666664,0.0,0.003776043185518163,FROZEN_FORENSIC_CALIBRATION
change_point,0.3,6,1461,fixture-specific,12,0.0,24,0.0,1.0,0.06638307663736043,FROZEN_FORENSIC_CALIBRATION
change_point,0.3,10,1461,fixture-specific,12,0.0,24,0.0,1.0,0.059016374463437826,FROZEN_FORENSIC_CALIBRATION
change_point,0.3,14,1461,fixture-specific,12,0.0,24,0.0,1.0,0.050672927422595604,FROZEN_FORENSIC_CALIBRATION
change_point,0.6,6,1461,fixture-specific,12,0.0,24,0.0,1.0,0.14305598668595437,FROZEN_FORENSIC_CALIBRATION
change_point,0.6,10,1461,fixture-specific,12,0.0,24,0.0,1.0,0.14745445173849758,FROZEN_FORENSIC_CALIBRATION
change_point,0.6,14,1461,fixture-specific,12,0.0,24,0.0,1.0,0.13309384918448913,FROZEN_FORENSIC_CALIBRATION
change_point,0.8,6,1461,fixture-specific,12,0.0,24,0.0,1.0,0.1306470805683102,FROZEN_FORENSIC_CALIBRATION
change_point,0.8,10,1461,fixture-specific,12,0.0,24,0.0,1.0,0.20149769880171986,FROZEN_FORENSIC_CALIBRATION
change_point,0.8,14,1461,fixture-specific,12,0.0,24,0.0,1.0,0.25313089917519943,FROZEN_FORENSIC_CALIBRATION
change_point,0.92,6,1461,fixture-specific,12,0.0,24,0.041666666666666664,0.7916666666666666,0.015899401085976872,FROZEN_FORENSIC_CALIBRATION
change_point,0.92,10,1461,fixture-specific,12,0.0,24,0.0,1.0,0.08897319461519909,FROZEN_FORENSIC_CALIBRATION
change_point,0.92,14,1461,fixture-specific,12,0.0,24,0.0,1.0,0.1813823647137187,FROZEN_FORENSIC_CALIBRATION
change_point,0.95,6,1461,fixture-specific,12,0.0,24,0.16666666666666666,0.4583333333333333,-0.0034670860384263813,FROZEN_FORENSIC_CALIBRATION
change_point,0.95,10,1461,fixture-specific,12,0.0,24,0.0,1.0,0.04471576571890795,FROZEN_FORENSIC_CALIBRATION
change_point,0.95,14,1461,fixture-specific,12,0.0,24,0.0,1.0,0.12619410243556,FROZEN_FORENSIC_CALIBRATION
recovery_pulses,-0.9,6,1461,fixture-specific,12,0.0,24,1.0,1.0,-0.27504809467155733,FROZEN_FORENSIC_CALIBRATION
recovery_pulses,-0.9,10,1461,fixture-specific,12,0.0,24,0.375,1.0,-0.12432008161276153,FROZEN_FORENSIC_CALIBRATION
recovery_pulses,-0.9,14,1461,fixture-specific,12,0.0,24,0.6666666666666666,1.0,-0.1918324788386618,FROZEN_FORENSIC_CALIBRATION
recovery_pulses,-0.6,6,1461,fixture-specific,12,0.0,24,0.08333333333333333,0.9583333333333334,-0.05227525109372479,FROZEN_FORENSIC_CALIBRATION
recovery_pulses,-0.6,10,1461,fixture-specific,12,0.0,24,0.0,0.0,0.1387280612922493,FROZEN_FORENSIC_CALIBRATION
recovery_pulses,-0.6,14,1461,fixture-specific,12,0.0,24,0.0,0.0,0.06237307219883692,FROZEN_FORENSIC_CALIBRATION
recovery_pulses,-0.3,6,1461,fixture-specific,12,0.0,24,0.0,0.25,0.034951685090540974,FROZEN_FORENSIC_CALIBRATION
recovery_pulses,-0.3,10,1461,fixture-specific,12,0.0,24,0.0,0.0,0.19313755233179056,FROZEN_FORENSIC_CALIBRATION
recovery_pulses,-0.3,14,1461,fixture-specific,12,0.0,24,0.0,0.0,0.14317877414086377,FROZEN_FORENSIC_CALIBRATION
recovery_pulses,0.0,6,1461,fixture-specific,12,0.0,24,0.0,0.0,0.09790942431470648,FROZEN_FORENSIC_CALIBRATION
recovery_pulses,0.0,10,1461,fixture-specific,12,0.0,24,0.0,0.0,0.21965763765845198,FROZEN_FORENSIC_CALIBRATION
recovery_pulses,0.0,14,1461,fixture-specific,12,0.0,24,0.0,0.0,0.17724149136433626,FROZEN_FORENSIC_CALIBRATION
recovery_pulses,0.3,6,1461,fixture-specific,12,0.0,24,0.0,1.0,0.15597630914927008,FROZEN_FORENSIC_CALIBRATION
recovery_pulses,0.3,10,1461,fixture-specific,12,0.0,24,0.0,1.0,0.24186211099626678,FROZEN_FORENSIC_CALIBRATION
recovery_pulses,0.3,14,1461,fixture-specific,12,0.0,24,0.0,1.0,0.20848908512580325,FROZEN_FORENSIC_CALIBRATION
recovery_pulses,0.6,6,1461,fixture-specific,12,0.0,24,0.0,1.0,0.16003532245666377,FROZEN_FORENSIC_CALIBRATION
recovery_pulses,0.6,10,1461,fixture-specific,12,0.0,24,0.0,1.0,0.27968212913455115,FROZEN_FORENSIC_CALIBRATION
recovery_pulses,0.6,14,1461,fixture-specific,12,0.0,24,0.0,1.0,0.25000309518975256,FROZEN_FORENSIC_CALIBRATION
recovery_pulses,0.8,6,1461,fixture-specific,12,0.0,24,0.0,1.0,0.1075772745122971,FROZEN_FORENSIC_CALIBRATION
recovery_pulses,0.8,10,1461,fixture-specific,12,0.0,24,0.0,1.0,0.24769156974735979,FROZEN_FORENSIC_CALIBRATION
recovery_pulses,0.8,14,1461,fixture-specific,12,0.0,24,0.0,1.0,0.2793612371907804,FROZEN_FORENSIC_CALIBRATION
recovery_pulses,0.92,6,1461,fixture-specific,12,0.0,24,0.0,0.6666666666666666,0.007297313365726088,FROZEN_FORENSIC_CALIBRATION
recovery_pulses,0.92,10,1461,fixture-specific,12,0.0,24,0.0,1.0,0.11212534537291569,FROZEN_FORENSIC_CALIBRATION
recovery_pulses,0.92,14,1461,fixture-specific,12,0.0,24,0.0,1.0,0.20406339851990707,FROZEN_FORENSIC_CALIBRATION
recovery_pulses,0.95,6,1461,fixture-specific,12,0.0,24,0.16666666666666666,0.375,-0.007028464703991433,FROZEN_FORENSIC_CALIBRATION
recovery_pulses,0.95,10,1461,fixture-specific,12,0.0,24,0.0,0.9166666666666666,0.05104053348664128,FROZEN_FORENSIC_CALIBRATION
recovery_pulses,0.95,14,1461,fixture-specific,12,0.0,24,0.0,1.0,0.12944428630494487,FROZEN_FORENSIC_CALIBRATION
