station,N,observed_closure_error,null_median_closure_error,observed_minus_null_median,closure_local_p_less_equal,observed_winner,status
Aotizhongxin,4,1.4549327384471626,1.3799496044924497,0.0749831339547129,1.0,False,POST_HOC_DIAGNOSTIC_ONLY
Aotizhongxin,5,1.425742317103347,1.3814444351652724,0.0442978819380746,0.984375,False,POST_HOC_DIAGNOSTIC_ONLY
Aotizhongxin,6,1.4126249437117562,1.3774004877891608,0.03522445592259538,0.9375,False,POST_HOC_DIAGNOSTIC_ONLY
Aotizhongxin,7,1.4034939173515486,1.3787820521061263,0.02471186524542235,0.8515625,False,POST_HOC_DIAGNOSTIC_ONLY
Aotizhongxin,8,1.3845388447388112,1.386536507475764,-0.0019976627369528988,0.4765625,False,POST_HOC_DIAGNOSTIC_ONLY
Aotizhongxin,9,1.3806425798184407,1.381165850554059,-0.0005232707356181976,0.5,False,POST_HOC_DIAGNOSTIC_ONLY
Aotizhongxin,10,1.3921679674222156,1.3807685609655829,0.011399406456632732,0.671875,False,POST_HOC_DIAGNOSTIC_ONLY
Aotizhongxin,11,1.3939288137290942,1.383317692480521,0.010611121248573108,0.6875,False,POST_HOC_DIAGNOSTIC_ONLY
Aotizhongxin,12,1.4043533668105648,1.383260916688508,0.02109245012205685,0.8984375,False,POST_HOC_DIAGNOSTIC_ONLY
Aotizhongxin,13,1.405040760514547,1.3790546313289715,0.025986129185575413,0.8984375,False,POST_HOC_DIAGNOSTIC_ONLY
Aotizhongxin,14,1.3787576617940094,1.3823457595259734,-0.0035880977319640017,0.3984375,False,POST_HOC_DIAGNOSTIC_ONLY
Aotizhongxin,15,1.3755755033564812,1.3869892557927217,-0.011413752436240543,0.296875,True,POST_HOC_DIAGNOSTIC_ONLY
Aotizhongxin,16,1.42585021901847,1.3887119808528705,0.03713823816559958,0.9921875,False,POST_HOC_DIAGNOSTIC_ONLY
Aotizhongxin,17,1.4337125117778005,1.3857865439338697,0.04792596784393077,0.9921875,False,POST_HOC_DIAGNOSTIC_ONLY
Aotizhongxin,18,1.4322388258484355,1.3874810159910755,0.04475780985736,0.984375,False,POST_HOC_DIAGNOSTIC_ONLY
Aotizhongxin,19,1.407065172356508,1.3889124573907472,0.018152714965760763,0.8828125,False,POST_HOC_DIAGNOSTIC_ONLY
Aotizhongxin,20,1.4145644938568789,1.3876633385208363,0.026901155336042537,0.9609375,False,POST_HOC_DIAGNOSTIC_ONLY
Changping,4,1.4501263738751062,1.3788942928496877,0.07123208102541856,1.0,False,POST_HOC_DIAGNOSTIC_ONLY
Changping,5,1.414799796382606,1.3791094569102775,0.03569033947232847,0.9765625,False,POST_HOC_DIAGNOSTIC_ONLY
Changping,6,1.4144950261211315,1.3768443014221716,0.037650724698959914,0.96875,False,POST_HOC_DIAGNOSTIC_ONLY
Changping,7,1.413548934081596,1.3814691137924133,0.03207982028918277,0.9453125,False,POST_HOC_DIAGNOSTIC_ONLY
Changping,8,1.3984295843960075,1.3825960102495134,0.01583357414649411,0.7734375,False,POST_HOC_DIAGNOSTIC_ONLY
Changping,9,1.3848381967824315,1.3822315823994127,0.0026066143830187904,0.578125,False,POST_HOC_DIAGNOSTIC_ONLY
Changping,10,1.387913392593618,1.3842483419323373,0.0036650506612807554,0.59375,False,POST_HOC_DIAGNOSTIC_ONLY
Changping,11,1.3857337319665168,1.3849730557131898,0.0007606762533269862,0.515625,False,POST_HOC_DIAGNOSTIC_ONLY
Changping,12,1.3774542661403404,1.3839555410757487,-0.006501274935408308,0.3671875,False,POST_HOC_DIAGNOSTIC_ONLY
Changping,13,1.3848541197585775,1.3894841971290148,-0.004630077370437302,0.4140625,False,POST_HOC_DIAGNOSTIC_ONLY
Changping,14,1.3744509710762247,1.3811617211003715,-0.006710750024146783,0.3046875,True,POST_HOC_DIAGNOSTIC_ONLY
Changping,15,1.3887065334144928,1.3866683230502577,0.002038210364235127,0.5390625,False,POST_HOC_DIAGNOSTIC_ONLY
Changping,16,1.4281322899756996,1.3909609995539447,0.03717129042175493,0.9921875,False,POST_HOC_DIAGNOSTIC_ONLY
Changping,17,1.4311585342375215,1.3861866979214494,0.044971836316072045,0.9609375,False,POST_HOC_DIAGNOSTIC_ONLY
Changping,18,1.4257011625984728,1.3927601371363556,0.03294102546211719,0.9609375,False,POST_HOC_DIAGNOSTIC_ONLY
Changping,19,1.4170385283497797,1.394893183223187,0.02214534512659272,0.8671875,False,POST_HOC_DIAGNOSTIC_ONLY
Changping,20,1.4174995241018609,1.3903590353661328,0.027140488735728052,0.9296875,False,POST_HOC_DIAGNOSTIC_ONLY
Dingling,4,1.4373595796274485,1.372637114081847,0.06472246554560157,1.0,False,POST_HOC_DIAGNOSTIC_ONLY
Dingling,5,1.4137623926721077,1.3736798564322923,0.04008253623981539,1.0,False,POST_HOC_DIAGNOSTIC_ONLY
Dingling,6,1.4050073734991573,1.3712199241254763,0.033787449373680944,0.984375,False,POST_HOC_DIAGNOSTIC_ONLY
Dingling,7,1.4046755825000903,1.373866485002161,0.030809097497929372,0.9453125,False,POST_HOC_DIAGNOSTIC_ONLY
Dingling,8,1.38779197699677,1.37643117999416,0.011360797002609946,0.7578125,False,POST_HOC_DIAGNOSTIC_ONLY
Dingling,9,1.3815388573011598,1.3749060607747157,0.006632796526444107,0.625,True,POST_HOC_DIAGNOSTIC_ONLY
Dingling,10,1.3922614440172467,1.37494459103467,0.01731685298257668,0.8359375,False,POST_HOC_DIAGNOSTIC_ONLY
Dingling,11,1.4018197531130085,1.380185397577619,0.021634355535389505,0.8828125,False,POST_HOC_DIAGNOSTIC_ONLY
Dingling,12,1.3987541181686087,1.3808017937143602,0.017952324454248547,0.8515625,False,POST_HOC_DIAGNOSTIC_ONLY
Dingling,13,1.4004678049678672,1.382705427381202,0.0177623775866651,0.8515625,False,POST_HOC_DIAGNOSTIC_ONLY
Dingling,14,1.3913905097232833,1.3825497541839114,0.008840755539371914,0.671875,False,POST_HOC_DIAGNOSTIC_ONLY
Dingling,15,1.3895535508244423,1.386433874019665,0.003119676804777427,0.5390625,False,POST_HOC_DIAGNOSTIC_ONLY
Dingling,16,1.4180182331212463,1.3882271199280838,0.02979111319316252,0.96875,False,POST_HOC_DIAGNOSTIC_ONLY
Dingling,17,1.4330705040888856,1.3856413240835148,0.047429180005370775,0.9921875,False,POST_HOC_DIAGNOSTIC_ONLY
Dingling,18,1.422879941898543,1.385244599271657,0.03763534262688584,0.9609375,False,POST_HOC_DIAGNOSTIC_ONLY
Dingling,19,1.401898318316763,1.3850519815947913,0.016846336721971777,0.75,False,POST_HOC_DIAGNOSTIC_ONLY
Dingling,20,1.4028069073004021,1.3920905363633922,0.010716370937009945,0.75,False,POST_HOC_DIAGNOSTIC_ONLY
Dongsi,4,1.427798134759238,1.3643191768710419,0.06347895788819602,0.9921875,False,POST_HOC_DIAGNOSTIC_ONLY
Dongsi,5,1.405350855756365,1.3698060309574076,0.035544824798957375,0.984375,False,POST_HOC_DIAGNOSTIC_ONLY
Dongsi,6,1.3964929918991118,1.3693515326284647,0.02714145927064715,0.890625,False,POST_HOC_DIAGNOSTIC_ONLY
Dongsi,7,1.3922340382621055,1.3682591567480926,0.023974881514012836,0.875,False,POST_HOC_DIAGNOSTIC_ONLY
Dongsi,8,1.365963634080235,1.3683173330846845,-0.002353699004449483,0.4453125,False,POST_HOC_DIAGNOSTIC_ONLY
Dongsi,9,1.3504490409970098,1.3699610131375792,-0.019511972140569434,0.1640625,True,POST_HOC_DIAGNOSTIC_ONLY
Dongsi,10,1.3773743000811525,1.3729286469075934,0.00444565317355905,0.59375,False,POST_HOC_DIAGNOSTIC_ONLY
Dongsi,11,1.3844321463298126,1.3752842957324027,0.009147850597409857,0.6796875,False,POST_HOC_DIAGNOSTIC_ONLY
Dongsi,12,1.387554643182456,1.3770404214062177,0.010514221776238175,0.71875,False,POST_HOC_DIAGNOSTIC_ONLY
Dongsi,13,1.4041296791228672,1.382645187980846,0.021484491142021334,0.875,False,POST_HOC_DIAGNOSTIC_ONLY
Dongsi,14,1.3809316630920652,1.3735729753628074,0.00735868772925774,0.6640625,False,POST_HOC_DIAGNOSTIC_ONLY
Dongsi,15,1.3577022169928952,1.3776468980467096,-0.019944681053814417,0.125,False,POST_HOC_DIAGNOSTIC_ONLY
Dongsi,16,1.398044594470419,1.3775225426064104,0.020522051864008573,0.8671875,False,POST_HOC_DIAGNOSTIC_ONLY
Dongsi,17,1.4137946457279464,1.379840924010625,0.03395372171732136,0.96875,False,POST_HOC_DIAGNOSTIC_ONLY
Dongsi,18,1.4144738696613834,1.3814906984703674,0.032983171191016014,0.9296875,False,POST_HOC_DIAGNOSTIC_ONLY
Dongsi,19,1.39736929385489,1.382332509991317,0.015036783863572989,0.7734375,False,POST_HOC_DIAGNOSTIC_ONLY
Dongsi,20,1.4028754449550003,1.3819854030801881,0.020890041874812137,0.890625,False,POST_HOC_DIAGNOSTIC_ONLY
Guanyuan,4,1.4488990096130492,1.3761455438593049,0.0727534657537443,1.0,False,POST_HOC_DIAGNOSTIC_ONLY
Guanyuan,5,1.4162009644233644,1.380906582966872,0.03529438145649233,1.0,False,POST_HOC_DIAGNOSTIC_ONLY
Guanyuan,6,1.4108216105770826,1.3793755083646204,0.031446102212462135,0.953125,False,POST_HOC_DIAGNOSTIC_ONLY
Guanyuan,7,1.413934635077175,1.3802292124135271,0.033705422663647955,0.9609375,False,POST_HOC_DIAGNOSTIC_ONLY
Guanyuan,8,1.391620351163166,1.380373531569538,0.011246819593627944,0.6953125,False,POST_HOC_DIAGNOSTIC_ONLY
Guanyuan,9,1.3701745991672525,1.3820179294013606,-0.011843330234108107,0.3359375,True,POST_HOC_DIAGNOSTIC_ONLY
Guanyuan,10,1.3892240850934416,1.3837287725052871,0.0054953125881544995,0.6328125,False,POST_HOC_DIAGNOSTIC_ONLY
Guanyuan,11,1.3928520471449821,1.385155998467509,0.0076960486774730885,0.734375,False,POST_HOC_DIAGNOSTIC_ONLY
Guanyuan,12,1.3990168323313374,1.383377823029555,0.015639009301782414,0.7890625,False,POST_HOC_DIAGNOSTIC_ONLY
Guanyuan,13,1.4062760038114712,1.3834649067730451,0.022811097038426098,0.875,False,POST_HOC_DIAGNOSTIC_ONLY
Guanyuan,14,1.390441552305252,1.3808428327076456,0.009598719597606387,0.71875,False,POST_HOC_DIAGNOSTIC_ONLY
Guanyuan,15,1.3795210939402418,1.3882879475939698,-0.00876685365372798,0.390625,False,POST_HOC_DIAGNOSTIC_ONLY
Guanyuan,16,1.4181397470751085,1.3834580841003508,0.03468166297475772,0.9296875,False,POST_HOC_DIAGNOSTIC_ONLY
Guanyuan,17,1.424116219921078,1.3867652702548854,0.03735094966619257,0.9609375,False,POST_HOC_DIAGNOSTIC_ONLY
Guanyuan,18,1.416134896078618,1.385512496403429,0.03062239967518887,0.9296875,False,POST_HOC_DIAGNOSTIC_ONLY
Guanyuan,19,1.3992667387121844,1.390591854137727,0.008674884574457531,0.625,False,POST_HOC_DIAGNOSTIC_ONLY
Guanyuan,20,1.4089226549192788,1.389048800049097,0.019873854870181784,0.8515625,False,POST_HOC_DIAGNOSTIC_ONLY
Gucheng,4,1.4282447573858759,1.3782269758267622,0.05001778155911363,0.9921875,False,POST_HOC_DIAGNOSTIC_ONLY
Gucheng,5,1.410605788516397,1.3774696651610723,0.033136123355324676,0.9453125,False,POST_HOC_DIAGNOSTIC_ONLY
Gucheng,6,1.4101148021373888,1.3775121716582912,0.032602630479097616,0.96875,False,POST_HOC_DIAGNOSTIC_ONLY
Gucheng,7,1.4114241665698901,1.3856775169725573,0.02574664959733286,0.953125,False,POST_HOC_DIAGNOSTIC_ONLY
Gucheng,8,1.3889670484591377,1.3790956679584023,0.009871380500735327,0.703125,False,POST_HOC_DIAGNOSTIC_ONLY
Gucheng,9,1.3739740214340037,1.3809997190723797,-0.007025697638376016,0.296875,True,POST_HOC_DIAGNOSTIC_ONLY
Gucheng,10,1.3876741088068205,1.381577501675787,0.006096607131033549,0.609375,False,POST_HOC_DIAGNOSTIC_ONLY
Gucheng,11,1.397386805537642,1.3799661420732414,0.01742066346440052,0.796875,False,POST_HOC_DIAGNOSTIC_ONLY
Gucheng,12,1.4047964741871823,1.3833920785386844,0.021404395648497943,0.890625,False,POST_HOC_DIAGNOSTIC_ONLY
Gucheng,13,1.4097416932592808,1.3861265979393291,0.02361509531995165,0.9453125,False,POST_HOC_DIAGNOSTIC_ONLY
Gucheng,14,1.385244635963254,1.3857159410035504,-0.0004713050402964658,0.4921875,False,POST_HOC_DIAGNOSTIC_ONLY
Gucheng,15,1.3908566238438484,1.3865264876777172,0.004330136166131204,0.5859375,False,POST_HOC_DIAGNOSTIC_ONLY
Gucheng,16,1.431289303781182,1.3865378188293973,0.044751484951784715,0.9921875,False,POST_HOC_DIAGNOSTIC_ONLY
Gucheng,17,1.427976172796687,1.3874958439642493,0.040480328832437795,0.984375,False,POST_HOC_DIAGNOSTIC_ONLY
Gucheng,18,1.4175239555120354,1.388159406409974,0.02936454910206132,0.96875,False,POST_HOC_DIAGNOSTIC_ONLY
Gucheng,19,1.4026003385473031,1.3855760785819893,0.01702425996531387,0.796875,False,POST_HOC_DIAGNOSTIC_ONLY
Gucheng,20,1.413508333378161,1.3882510948818862,0.025257238496274814,0.9453125,False,POST_HOC_DIAGNOSTIC_ONLY
Huairou,4,1.4279317849766269,1.3769115729887187,0.05102021198790818,1.0,False,POST_HOC_DIAGNOSTIC_ONLY
Huairou,5,1.4179623900769158,1.378905777545626,0.03905661253128989,0.9921875,False,POST_HOC_DIAGNOSTIC_ONLY
Huairou,6,1.4041807538071165,1.3808514658473705,0.02332928795974598,0.875,False,POST_HOC_DIAGNOSTIC_ONLY
Huairou,7,1.4037466275628938,1.377216641040043,0.026529986522850768,0.921875,False,POST_HOC_DIAGNOSTIC_ONLY
Huairou,8,1.3789460559385345,1.3802201904630675,-0.001274134524533066,0.453125,True,POST_HOC_DIAGNOSTIC_ONLY
Huairou,9,1.378991547476954,1.3828240950265673,-0.0038325475496132633,0.453125,False,POST_HOC_DIAGNOSTIC_ONLY
Huairou,10,1.395327112957609,1.3805031728286163,0.014823940128992685,0.734375,False,POST_HOC_DIAGNOSTIC_ONLY
Huairou,11,1.39634552599679,1.386299165199602,0.010046360797188125,0.75,False,POST_HOC_DIAGNOSTIC_ONLY
Huairou,12,1.393775819723818,1.386226488348532,0.007549331375285906,0.671875,False,POST_HOC_DIAGNOSTIC_ONLY
Huairou,13,1.3986647088269326,1.3853943842394651,0.013270324587467464,0.7421875,False,POST_HOC_DIAGNOSTIC_ONLY
Huairou,14,1.390459660297813,1.384762383710319,0.005697276587494082,0.5625,False,POST_HOC_DIAGNOSTIC_ONLY
Huairou,15,1.384359290172313,1.3843106951355462,4.859503676679644e-05,0.5078125,False,POST_HOC_DIAGNOSTIC_ONLY
Huairou,16,1.4071517332938293,1.3868072982795143,0.020344435014314932,0.875,False,POST_HOC_DIAGNOSTIC_ONLY
Huairou,17,1.4345881841707417,1.3870756317378907,0.04751255243285102,0.9921875,False,POST_HOC_DIAGNOSTIC_ONLY
Huairou,18,1.428123998461243,1.3877079613269447,0.04041603713429831,0.9921875,False,POST_HOC_DIAGNOSTIC_ONLY
Huairou,19,1.4219911350203596,1.3916048824675757,0.03038625255278382,0.9453125,False,POST_HOC_DIAGNOSTIC_ONLY
Huairou,20,1.416953448911872,1.3914733732074254,0.02548007570444666,0.9375,False,POST_HOC_DIAGNOSTIC_ONLY
Nongzhanguan,4,1.4348066671845177,1.374784953390158,0.06002171379435972,1.0,False,POST_HOC_DIAGNOSTIC_ONLY
Nongzhanguan,5,1.41516253433502,1.375109951200404,0.040052583134616127,0.9921875,False,POST_HOC_DIAGNOSTIC_ONLY
Nongzhanguan,6,1.4097173476469502,1.3782704334881108,0.03144691415883938,0.9609375,False,POST_HOC_DIAGNOSTIC_ONLY
Nongzhanguan,7,1.4026473261805585,1.3778676155526768,0.024779710627881757,0.8984375,False,POST_HOC_DIAGNOSTIC_ONLY
Nongzhanguan,8,1.3801240788812024,1.3783197710490085,0.0018043078321938744,0.53125,False,POST_HOC_DIAGNOSTIC_ONLY
Nongzhanguan,9,1.3554834988989068,1.3783334547153332,-0.02284995581642635,0.109375,True,POST_HOC_DIAGNOSTIC_ONLY
Nongzhanguan,10,1.375844838386276,1.3791841545406556,-0.0033393161543795458,0.3984375,False,POST_HOC_DIAGNOSTIC_ONLY
Nongzhanguan,11,1.391683861010366,1.3822461537197765,0.009437707290589348,0.6953125,False,POST_HOC_DIAGNOSTIC_ONLY
Nongzhanguan,12,1.4002380842247917,1.383330485142508,0.016907599082283786,0.8046875,False,POST_HOC_DIAGNOSTIC_ONLY
Nongzhanguan,13,1.4085792674834379,1.3838314745674611,0.02474779291597673,0.9140625,False,POST_HOC_DIAGNOSTIC_ONLY
Nongzhanguan,14,1.3824173995528417,1.3837769932451194,-0.001359593692277672,0.4921875,False,POST_HOC_DIAGNOSTIC_ONLY
Nongzhanguan,15,1.3776522698538591,1.3813572167661872,-0.003704946912328033,0.421875,False,POST_HOC_DIAGNOSTIC_ONLY
Nongzhanguan,16,1.41901644860133,1.3891971930252165,0.029819255576113424,0.9765625,False,POST_HOC_DIAGNOSTIC_ONLY
Nongzhanguan,17,1.4259326246794124,1.383919149455482,0.04201347522393051,0.9921875,False,POST_HOC_DIAGNOSTIC_ONLY
Nongzhanguan,18,1.4118655395233508,1.3881461680041447,0.02371937151920611,0.8828125,False,POST_HOC_DIAGNOSTIC_ONLY
Nongzhanguan,19,1.4013142389403768,1.388412523240831,0.01290171569954568,0.7578125,False,POST_HOC_DIAGNOSTIC_ONLY
Nongzhanguan,20,1.4161034924220819,1.3916358546603802,0.024467637761701688,0.9140625,False,POST_HOC_DIAGNOSTIC_ONLY
Shunyi,4,1.4347283888519362,1.3697805858153504,0.06494780303658576,1.0,False,POST_HOC_DIAGNOSTIC_ONLY
Shunyi,5,1.420179256848866,1.37070482930147,0.04947442754739595,1.0,False,POST_HOC_DIAGNOSTIC_ONLY
Shunyi,6,1.4028790138101774,1.3723269884644274,0.030552025345750078,0.9921875,False,POST_HOC_DIAGNOSTIC_ONLY
Shunyi,7,1.3929154264078545,1.368492312843853,0.024423113564001397,0.859375,False,POST_HOC_DIAGNOSTIC_ONLY
Shunyi,8,1.3648411571496504,1.3770660126321572,-0.012224855482506847,0.3046875,False,POST_HOC_DIAGNOSTIC_ONLY
Shunyi,9,1.358678764922144,1.369726330167063,-0.011047565244919122,0.2265625,True,POST_HOC_DIAGNOSTIC_ONLY
Shunyi,10,1.3812388649727458,1.3724204831601157,0.008818381812630172,0.6015625,False,POST_HOC_DIAGNOSTIC_ONLY
Shunyi,11,1.3924389916801594,1.373227344873028,0.019211646807131277,0.8125,False,POST_HOC_DIAGNOSTIC_ONLY
Shunyi,12,1.3935514397970465,1.3726832450276225,0.02086819476942403,0.796875,False,POST_HOC_DIAGNOSTIC_ONLY
Shunyi,13,1.3972186333823284,1.3766658749153489,0.02055275846697957,0.859375,False,POST_HOC_DIAGNOSTIC_ONLY
Shunyi,14,1.3737408962867927,1.376319160376648,-0.0025782640898552867,0.4375,False,POST_HOC_DIAGNOSTIC_ONLY
Shunyi,15,1.3662799277265076,1.3780589563454118,-0.01177902861890412,0.25,False,POST_HOC_DIAGNOSTIC_ONLY
Shunyi,16,1.399857414361732,1.3749636054677588,0.02489380889397319,0.921875,False,POST_HOC_DIAGNOSTIC_ONLY
Shunyi,17,1.4113834567865748,1.3803398763378871,0.031043580448687713,0.953125,False,POST_HOC_DIAGNOSTIC_ONLY
Shunyi,18,1.4153520574929568,1.3803677035322455,0.03498435396071131,0.9453125,False,POST_HOC_DIAGNOSTIC_ONLY
Shunyi,19,1.4063963789854408,1.3778078520584982,0.02858852692694258,0.9140625,False,POST_HOC_DIAGNOSTIC_ONLY
Shunyi,20,1.4063962531633218,1.378503592015355,0.027892661147966846,0.9375,False,POST_HOC_DIAGNOSTIC_ONLY
Tiantan,4,1.4492763651506102,1.3822832001400445,0.06699316501056574,1.0,False,POST_HOC_DIAGNOSTIC_ONLY
Tiantan,5,1.4190270489838708,1.3798827504028013,0.03914429858106949,0.96875,False,POST_HOC_DIAGNOSTIC_ONLY
Tiantan,6,1.4138150831517788,1.3836419482709776,0.0301731348808012,0.984375,False,POST_HOC_DIAGNOSTIC_ONLY
Tiantan,7,1.4115498060033678,1.3820261863787464,0.029523619624621356,0.9453125,False,POST_HOC_DIAGNOSTIC_ONLY
Tiantan,8,1.393160326097854,1.3837360050640781,0.009424321033775884,0.65625,False,POST_HOC_DIAGNOSTIC_ONLY
Tiantan,9,1.3640723405930353,1.381909249479592,-0.017836908886556646,0.1875,True,POST_HOC_DIAGNOSTIC_ONLY
Tiantan,10,1.389209391300241,1.3816296023162418,0.007579788983999247,0.6640625,False,POST_HOC_DIAGNOSTIC_ONLY
Tiantan,11,1.3986692723976675,1.381907006967315,0.01676226543035253,0.8046875,False,POST_HOC_DIAGNOSTIC_ONLY
Tiantan,12,1.3942487850624794,1.3840431964596975,0.010205588602781868,0.6484375,False,POST_HOC_DIAGNOSTIC_ONLY
Tiantan,13,1.3995272771640135,1.3884479592284376,0.011079317935575927,0.71875,False,POST_HOC_DIAGNOSTIC_ONLY
Tiantan,14,1.3850316340453277,1.387808516022905,-0.0027768819775773057,0.453125,False,POST_HOC_DIAGNOSTIC_ONLY
Tiantan,15,1.3746071413165355,1.3861779421527234,-0.011570800836187889,0.25,False,POST_HOC_DIAGNOSTIC_ONLY
Tiantan,16,1.4158337598745794,1.383467701964089,0.0323660579104903,0.953125,False,POST_HOC_DIAGNOSTIC_ONLY
Tiantan,17,1.4172519845536822,1.3853661785372113,0.03188580601647084,0.9609375,False,POST_HOC_DIAGNOSTIC_ONLY
Tiantan,18,1.415866675201851,1.3885324503268073,0.027334224875043667,0.921875,False,POST_HOC_DIAGNOSTIC_ONLY
Tiantan,19,1.410622342166832,1.3878486712753528,0.022773670891479192,0.8671875,False,POST_HOC_DIAGNOSTIC_ONLY
Tiantan,20,1.4196858956834504,1.3853489836702249,0.03433691201322553,0.96875,False,POST_HOC_DIAGNOSTIC_ONLY
Wanliu,4,1.4365837295681392,1.3613208054075776,0.07526292416056157,1.0,False,POST_HOC_DIAGNOSTIC_ONLY
Wanliu,5,1.4057641143210347,1.3654587314395168,0.04030538288151786,0.984375,False,POST_HOC_DIAGNOSTIC_ONLY
Wanliu,6,1.3962722414264805,1.3632618557021474,0.033010385724333124,0.984375,False,POST_HOC_DIAGNOSTIC_ONLY
Wanliu,7,1.3894965012853273,1.3628163151866217,0.026680186098705594,0.921875,False,POST_HOC_DIAGNOSTIC_ONLY
Wanliu,8,1.3673058720491982,1.3639487706577589,0.003357101391439299,0.5703125,False,POST_HOC_DIAGNOSTIC_ONLY
Wanliu,9,1.3583944929177574,1.364916860916066,-0.006522367998308631,0.40625,True,POST_HOC_DIAGNOSTIC_ONLY
Wanliu,10,1.3731558706982694,1.3612067236896568,0.011949147008612604,0.75,False,POST_HOC_DIAGNOSTIC_ONLY
Wanliu,11,1.3697913485314794,1.366678094506375,0.0031132540251044283,0.578125,False,POST_HOC_DIAGNOSTIC_ONLY
Wanliu,12,1.3766440626093364,1.3656180759471406,0.011025986662195786,0.7109375,False,POST_HOC_DIAGNOSTIC_ONLY
Wanliu,13,1.3877951190850588,1.3642802361888404,0.023514882896218392,0.8671875,False,POST_HOC_DIAGNOSTIC_ONLY
Wanliu,14,1.364972947179436,1.3655903445545574,-0.0006173973751213424,0.484375,False,POST_HOC_DIAGNOSTIC_ONLY
Wanliu,15,1.365271866287546,1.3698541950633887,-0.004582328775842637,0.3984375,False,POST_HOC_DIAGNOSTIC_ONLY
Wanliu,16,1.4020998980987445,1.3669955113924872,0.03510438670625726,0.9609375,False,POST_HOC_DIAGNOSTIC_ONLY
Wanliu,17,1.4092417298285649,1.3700162275774521,0.039225502251112765,1.0,False,POST_HOC_DIAGNOSTIC_ONLY
Wanliu,18,1.397862781128107,1.370452041637845,0.02741073949026207,0.9375,False,POST_HOC_DIAGNOSTIC_ONLY
Wanliu,19,1.3887408221337965,1.3744275492568014,0.01431327287699502,0.8125,False,POST_HOC_DIAGNOSTIC_ONLY
Wanliu,20,1.389905323937352,1.372138030320168,0.017767293617183988,0.8671875,False,POST_HOC_DIAGNOSTIC_ONLY
Wanshouxigong,4,1.4430824779262366,1.3802729292097233,0.06280954871651323,1.0,False,POST_HOC_DIAGNOSTIC_ONLY
Wanshouxigong,5,1.4144249255406374,1.3797323889366664,0.03469253660397098,0.9375,False,POST_HOC_DIAGNOSTIC_ONLY
Wanshouxigong,6,1.4114512374480752,1.381722313957708,0.029728923490367265,0.9296875,False,POST_HOC_DIAGNOSTIC_ONLY
Wanshouxigong,7,1.4062364142637749,1.381356368969929,0.0248800452938458,0.875,False,POST_HOC_DIAGNOSTIC_ONLY
Wanshouxigong,8,1.379533398795678,1.3788346209376816,0.0006987778579963244,0.53125,False,POST_HOC_DIAGNOSTIC_ONLY
Wanshouxigong,9,1.3691027692303281,1.3831588110961868,-0.014056041865858626,0.203125,True,POST_HOC_DIAGNOSTIC_ONLY
Wanshouxigong,10,1.3941824617669307,1.3859090354714392,0.008273426295491548,0.65625,False,POST_HOC_DIAGNOSTIC_ONLY
Wanshouxigong,11,1.4003164940004411,1.3775752910596113,0.02274120294082982,0.828125,False,POST_HOC_DIAGNOSTIC_ONLY
Wanshouxigong,12,1.3895371457079313,1.383517281194922,0.006019864513009399,0.625,False,POST_HOC_DIAGNOSTIC_ONLY
Wanshouxigong,13,1.3915770798377238,1.3855149284491588,0.006062151388565029,0.609375,False,POST_HOC_DIAGNOSTIC_ONLY
Wanshouxigong,14,1.3840605489060311,1.3830354162463676,0.0010251326596635302,0.53125,False,POST_HOC_DIAGNOSTIC_ONLY
Wanshouxigong,15,1.3733324574513799,1.3828636765392057,-0.009531219087825837,0.3203125,False,POST_HOC_DIAGNOSTIC_ONLY
Wanshouxigong,16,1.405231687934542,1.385782397909617,0.019449290024924792,0.7890625,False,POST_HOC_DIAGNOSTIC_ONLY
Wanshouxigong,17,1.4146336787630076,1.3874547025456596,0.027178976217347994,0.9296875,False,POST_HOC_DIAGNOSTIC_ONLY
Wanshouxigong,18,1.4072501219170432,1.3867594432247146,0.02049067869232868,0.8359375,False,POST_HOC_DIAGNOSTIC_ONLY
Wanshouxigong,19,1.3953247665767248,1.3861606357602845,0.009164130816440297,0.640625,False,POST_HOC_DIAGNOSTIC_ONLY
Wanshouxigong,20,1.4134091328323652,1.388849059489058,0.024560073343307343,0.921875,False,POST_HOC_DIAGNOSTIC_ONLY
