candidate,family_id,effect_support,successes,trials,rate,wilson_low,wilson_high
PHASE_V3_A_SIGNED_VECTOR_BASELINE,SYN_07,"{""SIGNED_VECTOR"":""POSITIVE_AND_NEGATIVE_LOCAL_DOMAINS""}",96,96,1.0,0.9615244121423243,1.0
PHASE_V3_A_SIGNED_VECTOR_BASELINE,SYN_08,"{""SIGNED_VECTOR"":""POSITIVE_AND_NEGATIVE_LOCAL_DOMAINS_GLOBAL_ZERO""}",96,96,1.0,0.9615244121423243,1.0
PHASE_V3_A_SIGNED_VECTOR_BASELINE,SYN_16,"{""SIGNED_VECTOR"":""REFLECTED_PSEUDOSCALAR_SIGN""}",96,96,1.0,0.9615244121423243,1.0
PHASE_V3_A_SIGNED_VECTOR_BASELINE,SYN_17,"{""SIGNED_VECTOR"":""PROPER_ROTATION_EQUIVALENT""}",96,96,1.0,0.9615244121423243,1.0
PHASE_V3_A_SIGNED_VECTOR_BASELINE,SYN_31,"{""SIGNED_VECTOR"":""OSCILLATORY_LOCAL_CHIRALITY"",""TEMPORAL_CROSS_SPECTRUM"":{""period"":12}}",96,96,1.0,0.9615244121423243,1.0
PHASE_V3_A_SIGNED_VECTOR_BASELINE,SYN_32,"{""SIGNED_VECTOR"":""DIRECTION_REVERSAL_PRESENT"",""TEMPORAL_CROSS_SPECTRUM"":""ABSTAIN_NONSTATIONARY_BURST""}",96,96,1.0,0.9615244121423243,1.0
PHASE_V3_A_SIGNED_VECTOR_BASELINE,SYN_35,"{""SIGNED_VECTOR"":""NESTED_REPLICATES_NOT_PARENTS""}",96,96,1.0,0.9615244121423243,1.0
PHASE_V3_A_SIGNED_VECTOR_BASELINE,SYN_36,"{""SIGNED_VECTOR"":""CAMPAIGNS_ARE_HIGHEST_INFERENCE_LEVEL""}",96,96,1.0,0.9615244121423243,1.0
PHASE_V3_A_SIGNED_VECTOR_BASELINE,SYN_39,"{""SIGNED_VECTOR"":""NULL_NO_DIRECTION_DECISION""}",0,0,,nan,nan
PHASE_V3_A_SIGNED_VECTOR_BASELINE,SYN_40,"{""SIGNED_VECTOR"":""NULL_COMPATIBLE_AFTER_DOMAIN_BASELINE""}",0,0,,nan,nan
PHASE_V3_B_U1_LOCAL_HOLONOMY,SYN_01,"{""U1_WINDING"":""ZERO""}",96,96,1.0,0.9615244121423243,1.0
PHASE_V3_B_U1_LOCAL_HOLONOMY,SYN_02,"{""U1_WINDING"":""NULL_RANDOM_PHASE_NO_STRUCTURE_DECISION""}",0,0,,nan,nan
PHASE_V3_B_U1_LOCAL_HOLONOMY,SYN_03,"{""U1_WINDING"":""ZERO_WITH_NONZERO_GRADIENT""}",96,96,1.0,0.9615244121423243,1.0
PHASE_V3_B_U1_LOCAL_HOLONOMY,SYN_04,"{""U1_WINDING"":""ONE_POSITIVE""}",96,96,1.0,0.9615244121423243,1.0
PHASE_V3_B_U1_LOCAL_HOLONOMY,SYN_05,"{""U1_WINDING"":""ONE_POSITIVE_ONE_NEGATIVE_GLOBAL_ZERO""}",96,96,1.0,0.9615244121423243,1.0
PHASE_V3_B_U1_LOCAL_HOLONOMY,SYN_06,"{""U1_WINDING"":""TWO_POSITIVE""}",96,96,1.0,0.9615244121423243,1.0
PHASE_V3_B_U1_LOCAL_HOLONOMY,SYN_14,"{""U1_WINDING"":""NULL_SPECTRUM_PRESERVING_RANDOM_PHASE""}",0,0,,nan,nan
PHASE_V3_B_U1_LOCAL_HOLONOMY,SYN_15,"{""U1_WINDING"":""ONE_POSITIVE_AMPLITUDE_NUISANCE""}",96,96,1.0,0.9615244121423243,1.0
PHASE_V3_B_U1_LOCAL_HOLONOMY,SYN_28,"{""U1_WINDING"":""ABSTAIN_BOUNDARY_TRUNCATED""}",0,0,,nan,nan
PHASE_V3_B_U1_LOCAL_HOLONOMY,SYN_29,"{""U1_WINDING"":""ABSTAIN_MASKED_SINGULARITY""}",0,0,,nan,nan
PHASE_V3_B_U1_LOCAL_HOLONOMY,SYN_30,"{""U1_WINDING"":""ABSTAIN_IRREGULAR_SAMPLING_UNSUPPORTED""}",0,0,,nan,nan
PHASE_V3_B_U1_LOCAL_HOLONOMY,SYN_33,"{""U1_WINDING"":""ZERO_AMPLITUDE_ONLY_DECOY""}",96,96,1.0,0.9615244121423243,1.0
PHASE_V3_B_U1_LOCAL_HOLONOMY,SYN_34,"{""U1_WINDING"":""NULL_PHASE_ONLY_DECOY""}",0,0,,nan,nan
PHASE_V3_B_U1_LOCAL_HOLONOMY,SYN_37,"{""TEMPORAL_CROSS_SPECTRUM"":""ABSTAIN_INSTRUMENT_LIMITED"",""U1_WINDING"":""ABSTAIN_INSTRUMENT_LIMITED""}",0,0,,nan,nan
PHASE_V3_B_U1_LOCAL_HOLONOMY,SYN_38,"{""TEMPORAL_CROSS_SPECTRUM"":""ABSTAIN_ALIASED"",""U1_WINDING"":""ABSTAIN_ALIASED""}",0,0,,nan,nan
PHASE_V3_C_O2_PARITY_MONODROMY,SYN_22,"{""O2_MONODROMY"":-1}",96,96,1.0,0.9615244121423243,1.0
PHASE_V3_C_O2_PARITY_MONODROMY,SYN_23,"{""O2_MONODROMY"":-1}",96,96,1.0,0.9615244121423243,1.0
PHASE_V3_C_O2_PARITY_MONODROMY,SYN_24,"{""O2_MONODROMY"":1}",96,96,1.0,0.9615244121423243,1.0
PHASE_V3_C_O2_PARITY_MONODROMY,SYN_25,"{""O2_MONODROMY"":1,""rotation_holonomy"":""NONZERO""}",96,96,1.0,0.9615244121423243,1.0
PHASE_V3_C_O2_PARITY_MONODROMY,SYN_26,"{""O2_MONODROMY"":-1}",96,96,1.0,0.9615244121423243,1.0
PHASE_V3_C_O2_PARITY_MONODROMY,SYN_27,"{""O2_MONODROMY"":1}",96,96,1.0,0.9615244121423243,1.0
PHASE_V3_D_TEMPORAL_CROSS_SPECTRUM,SYN_09,"{""TEMPORAL_CROSS_SPECTRUM"":{""period"":12,""phase"":0.0}}",96,96,1.0,0.9615244121423243,1.0
PHASE_V3_D_TEMPORAL_CROSS_SPECTRUM,SYN_10,"{""TEMPORAL_CROSS_SPECTRUM"":{""period"":12,""phase"":""PI_OVER_3""}}",96,96,1.0,0.9615244121423243,1.0
PHASE_V3_D_TEMPORAL_CROSS_SPECTRUM,SYN_11,"{""TEMPORAL_CROSS_SPECTRUM"":{""period"":16,""phase"":""PI_OVER_2""}}",96,96,1.0,0.9615244121423243,1.0
PHASE_V3_D_TEMPORAL_CROSS_SPECTRUM,SYN_12,"{""TEMPORAL_CROSS_SPECTRUM"":{""period"":16,""phase"":0.0}}",96,96,1.0,0.9615244121423243,1.0
PHASE_V3_D_TEMPORAL_CROSS_SPECTRUM,SYN_13,"{""TEMPORAL_CROSS_SPECTRUM"":{""period"":16,""phase"":""PI_OVER_2""}}",96,96,1.0,0.9615244121423243,1.0
PHASE_V3_D_TEMPORAL_CROSS_SPECTRUM,SYN_18,"{""TEMPORAL_CROSS_SPECTRUM"":{""period"":12,""phase"":""NEGATED_BY_TIME_REVERSAL""}}",96,96,1.0,0.9615244121423243,1.0
PHASE_V3_D_TEMPORAL_CROSS_SPECTRUM,SYN_19,"{""TEMPORAL_CROSS_SPECTRUM"":{""period"":8,""representation"":""DIRECTOR_PI_PERIODIC""}}",96,96,1.0,0.9615244121423243,1.0
PHASE_V3_D_TEMPORAL_CROSS_SPECTRUM,SYN_20,"{""TEMPORAL_CROSS_SPECTRUM"":{""period"":16,""representation"":""VECTOR_2PI_PERIODIC""}}",96,96,1.0,0.9615244121423243,1.0
PHASE_V3_D_TEMPORAL_CROSS_SPECTRUM,SYN_21,"{""TEMPORAL_CROSS_SPECTRUM"":{""period"":32,""representation"":""SYNTHETIC_SPINOR_LIKE_ONLY""}}",96,96,1.0,0.9615244121423243,1.0
PHASE_V3_D_TEMPORAL_CROSS_SPECTRUM,SYN_31,"{""SIGNED_VECTOR"":""OSCILLATORY_LOCAL_CHIRALITY"",""TEMPORAL_CROSS_SPECTRUM"":{""period"":12}}",96,96,1.0,0.9615244121423243,1.0
PHASE_V3_D_TEMPORAL_CROSS_SPECTRUM,SYN_32,"{""SIGNED_VECTOR"":""DIRECTION_REVERSAL_PRESENT"",""TEMPORAL_CROSS_SPECTRUM"":""ABSTAIN_NONSTATIONARY_BURST""}",0,0,,nan,nan
PHASE_V3_D_TEMPORAL_CROSS_SPECTRUM,SYN_37,"{""TEMPORAL_CROSS_SPECTRUM"":""ABSTAIN_INSTRUMENT_LIMITED"",""U1_WINDING"":""ABSTAIN_INSTRUMENT_LIMITED""}",0,0,,nan,nan
PHASE_V3_D_TEMPORAL_CROSS_SPECTRUM,SYN_38,"{""TEMPORAL_CROSS_SPECTRUM"":""ABSTAIN_ALIASED"",""U1_WINDING"":""ABSTAIN_ALIASED""}",0,0,,nan,nan
